Date,Adj_Close,Close,High,Low,Open,Volume
2024-07-08,1.082602620124817,1.082602620124817,1.0847163200378418,1.0815136432647705,1.082602620124817,0
2024-07-09,1.0830950736999512,1.0830950736999512,1.0834236145019531,1.0806254148483276,1.0830950736999512,0
2024-07-10,1.0814785957336426,1.0814785957336426,1.0828721523284912,1.081186294555664,1.0814785957336426,0
2024-07-11,1.083329677581787,1.083329677581787,1.0898351669311523,1.0832945108413696,1.083329677581787,0
2024-07-12,1.0872756242752075,1.0872756242752075,1.091119408607483,1.086307168006897,1.0872756242752075,0
2024-07-15,1.0885539054870605,1.0885539054870605,1.0921919345855713,1.088435411453247,1.0885539054870605,0
2024-07-16,1.0901559591293335,1.0901559591293335,1.0906314849853516,1.0872164964675903,1.0901559591293335,0
2024-07-17,1.0902509689331055,1.0902509689331055,1.0947147607803345,1.0896332263946533,1.0902509689331055,0
2024-07-18,1.094020128250122,1.094020128250122,1.0942115783691406,1.0905362367630005,1.094020128250122,0
2024-07-19,1.0901559591293335,1.0901559591293335,1.0901559591293335,1.0877368450164795,1.0901559591293335,0
2024-07-22,1.0899182558059692,1.0899182558059692,1.0901559591293335,1.0873701572418213,1.0899182558059692,0
2024-07-23,1.0889805555343628,1.0889805555343628,1.0900371074676514,1.084445834159851,1.0889805555343628,0
2024-07-24,1.0850694179534912,1.0850694179534912,1.0866494178771973,1.0826728343963623,1.0850694179534912,0
2024-07-25,1.0839520692825317,1.0839520692825317,1.0864368677139282,1.0829308032989502,1.0839520692825317,0
2024-07-26,1.0851283073425293,1.0851283073425293,1.0868501663208008,1.084269404411316,1.0851283073425293,0
2024-07-29,1.0853756666183472,1.0853756666183472,1.0871928930282593,1.0803102254867554,1.0853756666183472,0
2024-07-30,1.081946611404419,1.081946611404419,1.0837758779525757,1.0799952745437622,1.081946611404419,0
2024-07-31,1.0816072225570679,1.0816072225570679,1.0851871967315674,1.0808707475662231,1.0816072225570679,0
2024-08-01,1.082391619682312,1.082391619682312,1.0837758779525757,1.0778300762176514,1.082391619682312,0
2024-08-02,1.0787602663040161,1.0787602663040161,1.0926215648651123,1.0782949924468994,1.0787602663040161,0
2024-08-05,1.0910836458206177,1.0910836458206177,1.1007397174835205,1.089372158050537,1.0910836458206177,0
2024-08-06,1.0950982570648193,1.0950982570648193,1.0963108539581299,1.0904649496078491,1.0950982570648193,0
2024-08-07,1.0926215648651123,1.0926215648651123,1.093637228012085,1.0906909704208374,1.0926215648651123,0
2024-08-08,1.0928125381469727,1.0928125381469727,1.0946906805038452,1.0882340669631958,1.0928125381469727,0
2024-08-09,1.0915720462799072,1.0915720462799072,1.093135118484497,1.0909645557403564,1.0915720462799072,0
2024-08-12,1.091381311416626,1.091381311416626,1.0939722061157227,1.0913337469100952,1.091381311416626,0
2024-08-13,1.0936251878738403,1.0936251878738403,1.0962508916854858,1.0915720462799072,1.0936251878738403,0
2024-08-14,1.0996986627578735,1.0996986627578735,1.1048502922058105,1.098828673362732,1.0996986627578735,0
2024-08-15,1.1013215780258179,1.1013215780258179,1.1016855239868164,1.09505033493042,1.1013215780258179,0
2024-08-16,1.0972732305526733,1.0972732305526733,1.1004369258880615,1.0973695516586304,1.0972732305526733,0
2024-08-19,1.1024993658065796,1.1024993658065796,1.1072603464126587,1.1023900508880615,1.1024993658065796,0
2024-08-20,1.1086474657058716,1.1086474657058716,1.1117286682128906,1.107248067855835,1.1086474657058716,0
2024-08-21,1.112792730331421,1.112792730331421,1.1148271560668945,1.11055588722229,1.112792730331421,0
2024-08-22,1.115536093711853,1.115536093711853,1.1157476902008057,1.1099271774291992,1.115536093711853,0
2024-08-23,1.111716389656067,1.111716389656067,1.1195951700210571,1.110679268836975,1.111716389656067,0
2024-08-26,1.1187934875488281,1.1187934875488281,1.1201093196868896,1.1152873039245605,1.1187934875488281,0
2024-08-27,1.1164700984954834,1.1164700984954834,1.1179554462432861,1.1151255369186401,1.1164700984954834,0
2024-08-28,1.117793083190918,1.117793083190918,1.1181930303573608,1.1105434894561768,1.117793083190918,0
2024-08-29,1.1124955415725708,1.1124955415725708,1.1140199899673462,1.1056320667266846,1.1124955415725708,0
2024-08-30,1.1080454587936401,1.1080454587936401,1.109570026397705,1.1053999662399292,1.1080454587936401,0
2024-09-02,1.1044842004776,1.1044842004776,1.1077632904052734,1.1042524576187134,1.1044842004776,0
2024-09-03,1.1067456007003784,1.1067456007003784,1.107051968574524,1.1033751964569092,1.1067456007003784,0
2024-09-04,1.1048868894577026,1.1048868894577026,1.1093976497650146,1.1040817499160767,1.1048868894577026,0
2024-09-05,1.1080454587936401,1.1080454587936401,1.112112045288086,1.1075178384780884,1.1080454587936401,0
2024-09-06,1.1111111640930176,1.1111111640930176,1.1149640083312988,1.1067211627960205,1.1111111640930176,0
2024-09-09,1.1087212562561035,1.1087212562561035,1.109139323234558,1.10349702835083,1.1087212562561035,0
2024-09-10,1.1037527322769165,1.1037527322769165,1.1050333976745605,1.101624846458435,1.1037527322769165,0
2024-09-11,1.1020983457565308,1.1020983457565308,1.1054977178573608,1.100279450416565,1.1020983457565308,0
2024-09-12,1.1010911464691162,1.1010911464691162,1.1047526597976685,1.1006548404693604,1.1010911464691162,0
2024-09-13,1.1077877283096313,1.1077877283096313,1.1102476119995117,1.1073951721191406,1.1077877283096313,0
2024-09-16,1.1088441610336304,1.1088441610336304,1.1135361194610596,1.1087088584899902,1.1088441610336304,0
2024-09-17,1.1129536628723145,1.1129536628723145,1.1146159172058105,1.1113086938858032,1.1129536628723145,0
2024-09-18,1.1123099327087402,1.1123099327087402,1.1140819787979126,1.110913634300232,1.1123099327087402,0
2024-09-19,1.1114816665649414,1.1114816665649414,1.118067979812622,1.107051968574524,1.1114816665649414,0
2024-09-20,1.1161960363388062,1.1161960363388062,1.1181679964065552,1.1137346029281616,1.1161960363388062,0
2024-09-23,1.1160838603973389,1.1160838603973389,1.1168192625045776,1.1084877252578735,1.1160838603973389,0
2024-09-24,1.1111727952957153,1.1111727952957153,1.1163455247879028,1.1103955507278442,1.1111727952957153,0
2024-09-25,1.1191190481185913,1.1191190481185913,1.1212396621704102,1.1141688823699951,1.1191190481185913,0
2024-09-26,1.1131023168563843,1.1131023168563843,1.118956208229065,1.112681269645691,1.1131023168563843,0
2024-09-27,1.117717981338501,1.117717981338501,1.1199839115142822,1.1126564741134644,1.117717981338501,0
2024-09-30,1.1169815063476562,1.1169815063476562,1.1208375692367554,1.1136106252670288,1.1169815063476562,0
2024-10-01,1.113660216331482,1.113660216331482,1.1145787239074707,1.1061090230941772,1.113660216331482,0
2024-10-02,1.1063904762268066,1.1063904762268066,1.108217477798462,1.1034117937088013,1.1063904762268066,0
2024-10-03,1.1048502922058105,1.1048502922058105,1.1048502922058105,1.1009578704833984,1.1048502922058105,0
2024-10-04,1.103557825088501,1.103557825088501,1.1039965152740479,1.0956143140792847,1.103557825088501,0
2024-10-07,1.0974539518356323,1.0974539518356323,1.0985027551651,1.095554232597351,1.0974539518356323,0
2024-10-08,1.0975743532180786,1.0975743532180786,1.0997470617294312,1.096166729927063,1.0975743532180786,0
2024-10-09,1.0975743532180786,1.0975743532180786,1.098056435585022,1.094067931175232,1.0975743532180786,0
2024-10-10,1.0943313837051392,1.0943313837051392,1.095446228981018,1.0914051532745361,1.0943313837051392,0
2024-10-11,1.0933860540390015,1.0933860540390015,1.0954222679138184,1.0927408933639526,1.0933860540390015,0
2024-10-14,1.0925379991531372,1.0925379991531372,1.0939722061157227,1.0905719995498657,1.0925379991531372,0
2024-10-15,1.0909169912338257,1.0909169912338257,1.0918222665786743,1.0885775089263916,1.0909169912338257,0
2024-10-16,1.0884116888046265,1.0884116888046265,1.0901559591293335,1.0868147611618042,1.0884116888046265,0
2024-10-17,1.0862481594085693,1.0862481594085693,1.0869920253753662,1.0813850164413452,1.0862481594085693,0
2024-10-18,1.0829542875289917,1.0829542875289917,1.0863661766052246,1.0828253030776978,1.0829542875289917,0
2024-10-21,1.0868619680404663,1.0868619680404663,1.08695650100708,1.0821105241775513,1.0868619680404663,0
2024-10-22,1.0817828178405762,1.0817828178405762,1.0837758779525757,1.0801936388015747,1.0817828178405762,0
2024-10-23,1.079727053642273,1.079727053642273,1.0808473825454712,1.0762641429901123,1.079727053642273,0
2024-10-24,1.0780508518218994,1.0780508518218994,1.0810226202011108,1.0771567821502686,1.0780508518218994,0
2024-10-25,1.0824151039123535,1.0824151039123535,1.0842459201812744,1.081186294555664,1.0824151039123535,0
2024-10-28,1.0796570777893066,1.0796570777893066,1.0827198028564453,1.078271746635437,1.0796570777893066,0
2024-10-29,1.0816774368286133,1.0816774368286133,1.0826259851455688,1.077040672302246,1.0816774368286133,0
2024-10-30,1.0820636749267578,1.0820636749267578,1.0866730213165283,1.0809992551803589,1.0820636749267578,0
2024-10-31,1.0859178304672241,1.0859178304672241,1.0888383388519287,1.0845046043395996,1.0859178304672241,0
2024-11-01,1.0886130332946777,1.0886130332946777,1.0904054641723633,1.084845781326294,1.0886130332946777,0
2024-11-04,1.087453007698059,1.087453007698059,1.0915838479995728,1.0870392322540283,1.087453007698059,0
2024-11-05,1.0874056816101074,1.0874056816101074,1.0921800136566162,1.0873347520828247,1.0874056816101074,0
2024-11-06,1.093445897102356,1.093445897102356,1.0933382511138916,1.068376064300537,1.093445897102356,0
2024-11-07,1.073306918144226,1.073306918144226,1.082602620124817,1.0714094638824463,1.073306918144226,0
2024-11-08,1.0795172452926636,1.0795172452926636,1.0797386169433594,1.0710422992706299,1.0795172452926636,0
2024-11-11,1.0714898109436035,1.0714898109436035,1.0728462934494019,1.0628799200057983,1.0714898109436035,0
2024-11-12,1.066439151763916,1.066439151763916,1.0663481950759888,1.0597037076950073,1.066439151763916,0
2024-11-13,1.061672568321228,1.061672568321228,1.0649060010910034,1.0559773445129395,1.061672568321228,0
2024-11-14,1.0564124584197998,1.0564124584197998,1.0580891370773315,1.0499238967895508,1.0564124584197998,0
2024-11-15,1.0530084371566772,1.0530084371566772,1.0591648817062378,1.052443265914917,1.0530084371566772,0
2024-11-18,1.0533745288848877,1.0533745288848877,1.0586491823196411,1.0531193017959595,1.0533745288848877,0
2024-11-19,1.059490442276001,1.059490442276001,1.0601080656051636,1.0528532266616821,1.059490442276001,0
2024-11-20,1.0607603788375854,1.0607603788375854,1.0612331628799438,1.0508506298065186,1.0607603788375854,0
2024-11-21,1.0546187162399292,1.0546187162399292,1.0557432174682617,1.0469120740890503,1.0546187162399292,0
2024-11-22,1.0469341278076172,1.0469341278076172,1.0498688220977783,1.0339871644973755,1.0469341278076172,0
2024-11-25,1.0479873418807983,1.0479873418807983,1.0529640913009644,1.0449539422988892,1.0479873418807983,0
2024-11-26,1.0444300174713135,1.0444300174713135,1.0543851852416992,1.0427310466766357,1.0444300174713135,0
2024-11-27,1.0491198301315308,1.0491198301315308,1.0583466291427612,1.0475481748580933,1.0491198301315308,0
2024-11-28,1.0562450885772705,1.0562450885772705,1.0565240383148193,1.0529197454452515,1.0562450885772705,0
2024-11-29,1.0563008785247803,1.0563008785247803,1.0595465898513794,1.0542962551116943,1.0563008785247803,0
2024-12-02,1.0545074939727783,1.0545074939727783,1.0545742511749268,1.0462220907211304,1.0545742511749268,0
2024-12-03,1.0501223802566528,1.0501223802566528,1.0530306100845337,1.048185110092163,1.0501223802566528,0
2024-12-04,1.0510826110839844,1.0510826110839844,1.0540074110031128,1.0473946332931519,1.0510826110839844,0
2024-12-05,1.051414132118225,1.051414132118225,1.0588284730911255,1.050894856452942,1.051414132118225,0
2024-12-06,1.058559536933899,1.058559536933899,1.0626428127288818,1.0546075105667114,1.058559536933899,0
2024-12-09,1.0565463304519653,1.0565463304519653,1.0592771768569946,1.0533078908920288,1.0565463304519653,0
2024-12-10,1.0555204153060913,1.0555204153060913,1.056747317314148,1.0500340461730957,1.0555204153060913,0
2024-12-11,1.0532968044281006,1.0532968044281006,1.0540739297866821,1.0481630563735962,1.0532968044281006,0
2024-12-12,1.0506850481033325,1.0506850481033325,1.052997350692749,1.0464848279953003,1.0506850481033325,0
2024-12-13,1.0474056005477905,1.0474056005477905,1.0522992610931396,1.045434594154358,1.0474056005477905,0
2024-12-16,1.051005244255066,1.051005244255066,1.0524100065231323,1.0475043058395386,1.051005244255066,0
2024-12-17,1.0517348051071167,1.0517348051071167,1.0532857179641724,1.047998309135437,1.0517348051071167,0
2024-12-18,1.0495051145553589,1.0495051145553589,1.0515247583389282,1.0467805862426758,1.0495051145553589,0
2024-12-19,1.0350252389907837,1.0350252389907837,1.0422203540802002,1.0352503061294556,1.0350252389907837,0
2024-12-20,1.0364949703216553,1.0364949703216553,1.0433076620101929,1.0344257354736328,1.0364949703216553,0
2024-12-23,1.0433076620101929,1.0433076620101929,1.0448229312896729,1.038594126701355,1.0433076620101929,0
2024-12-24,1.0405826568603516,1.0405826568603516,1.0411244630813599,1.0387451648712158,1.0405826568603516,0
2024-12-25,1.0402579307556152,1.0402579307556152,1.0432968139648438,1.0401498079299927,1.0402579307556152,0
2024-12-26,1.0399551391601562,1.0399551391601562,1.042535424232483,1.0391446352005005,1.0399551391601562,0
2024-12-27,1.0423181056976318,1.0423181056976318,1.0444954633712769,1.0406694412231445,1.0423181056976318,0
2024-12-30,1.0429377555847168,1.0429377555847168,1.0458500385284424,1.0374196767807007,1.0429377555847168,0
2024-12-31,1.040615200996399,1.040615200996399,1.0424268245697021,1.0348539352416992,1.040615200996399,0
2025-01-02,1.0351860523223877,1.0351860523223877,1.0375596284866333,1.0231853723526,1.0351860523223877,0
2025-01-03,1.0268205404281616,1.0268205404281616,1.0305347442626953,1.0265464782714844,1.0268205404281616,0
2025-01-06,1.0305347442626953,1.0305347442626953,1.0435036420822144,1.029632806777954,1.0305347442626953,0
2025-01-07,1.0386372804641724,1.0386372804641724,1.043623447418213,1.035947322845459,1.0386372804641724,0
2025-01-08,1.034554123878479,1.034554123878479,1.0358400344848633,1.0276752710342407,1.034554123878479,0
2025-01-09,1.0314701795578003,1.0314701795578003,1.0323113203048706,1.0286160707473755,1.0314701795578003,0
2025-01-10,1.0297601222991943,1.0297601222991943,1.0311936140060425,1.0221186876296997,1.0297601222991943,0
2025-01-13,1.0244431495666504,1.0244431495666504,1.025020718574524,1.0183818340301514,1.0244431495666504,0
2025-01-14,1.0265253782272339,1.0265253782272339,1.0303966999053955,1.0239711999893188,1.0265253782272339,0
2025-01-15,1.0306835174560547,1.0306835174560547,1.0350252389907837,1.0270631313323975,1.0306835174560547,0
2025-01-16,1.0295268297195435,1.0295268297195435,1.0311510562896729,1.0263779163360596,1.0295268297195435,0
2025-01-17,1.0301949977874756,1.0301949977874756,1.0329724550247192,1.0266518592834473,1.0301949977874756,0
2025-01-20,1.0277386903762817,1.0277386903762817,1.0427310466766357,1.0279394388198853,1.0277386903762817,0
2025-01-21,1.0420682430267334,1.0420682430267334,1.0434056520462036,1.034457802772522,1.0420682430267334,0
2025-01-22,1.0405935049057007,1.0405935049057007,1.0458062887191772,1.0400739908218384,1.0405935049057007,0
2025-01-23,1.0410159826278687,1.0410159826278687,1.042546272277832,1.0385618209838867,1.0410159826278687,0
2025-01-24,1.041601538658142,1.041601538658142,1.051934003829956,1.0413196086883545,1.041601538658142,0
2025-01-27,1.0467586517333984,1.0467586517333984,1.0533745288848877,1.045434594154358,1.0467586517333984,0
2025-01-28,1.0445064306259155,1.0445064306259155,1.0455766916275024,1.0415256023406982,1.0445064306259155,0
2025-01-29,1.0429050922393799,1.0429050922393799,1.0444954633712769,1.0383461713790894,1.0429050922393799,0
2025-01-30,1.0425245761871338,1.0425245761871338,1.0465506315231323,1.0391337871551514,1.0425245761871338,0
2025-01-31,1.0397279262542725,1.0397279262542725,1.0412328243255615,1.0362050533294678,1.0397279262542725,0
2025-02-03,1.024779200553894,1.024779200553894,1.032652497291565,1.0213043689727783,1.024779200553894,0
2025-02-04,1.0327378511428833,1.0327378511428833,1.0386804342269897,1.0276541709899902,1.0327378511428833,0
2025-02-05,1.0372798442840576,1.0372798442840576,1.0436452627182007,1.0370432138442993,1.0372798442840576,0
2025-02-06,1.0400848388671875,1.0400848388671875,1.040528655052185,1.0354539155960083,1.0400848388671875,0
2025-02-07,1.0385725498199463,1.0385725498199463,1.0405935049057007,1.0324605703353882,1.0385725498199463,0
2025-02-10,1.0311616659164429,1.0311616659164429,1.0336023569107056,1.0299509763717651,1.0311616659164429,0
2025-02-11,1.0301525592803955,1.0301525592803955,1.0351966619491577,1.0292725563049316,1.0301525592803955,0
2025-02-12,1.0364949703216553,1.0364949703216553,1.039565920829773,1.031821370124817,1.0364949703216553,0
2025-02-13,1.039198637008667,1.039198637008667,1.044571876525879,1.0379257202148438,1.039198637008667,0
2025-02-14,1.0461673736572266,1.0461673736572266,1.0513699054718018,1.0448119640350342,1.0461673736572266,0
2025-02-17,1.0489217042922974,1.0489217042922974,1.0507071018218994,1.0467368364334106,1.0489217042922974,0
2025-02-18,1.048536777496338,1.048536777496338,1.0486466884613037,1.044277310371399,1.048536777496338,0
2025-02-19,1.044833779335022,1.044833779335022,1.0462440252304077,1.0405069589614868,1.044833779335022,0
2025-02-20,1.0421009063720703,1.0421009063720703,1.047877550125122,1.0419706106185913,1.0421009063720703,0
2025-02-21,1.0500562191009521,1.0500562191009521,1.0507513284683228,1.0449975728988647,1.0500562191009521,0
2025-02-24,1.0474823713302612,1.0474823713302612,1.0528643131256104,1.045434594154358,1.0474823713302612,0
2025-02-25,1.0461344718933105,1.0461344718933105,1.0518454313278198,1.0457953214645386,1.0461344718933105,0
2025-02-26,1.0524100065231323,1.0524100065231323,1.0527424812316895,1.0476469993591309,1.0524100065231323,0
2025-02-27,1.0488777160644531,1.0488777160644531,1.0489877462387085,1.0404852628707886,1.0488777160644531,0
2025-02-28,1.039511799812317,1.039511799812317,1.0421009063720703,1.038184404373169,1.039511799812317,0
2025-03-03,1.0413846969604492,1.0413846969604492,1.050023078918457,1.039047360420227,1.0413846969604492,0
2025-03-04,1.0485037565231323,1.0485037565231323,1.0559550523757935,1.0471752882003784,1.0485037565231323,0
2025-03-05,1.062699317932129,1.062699317932129,1.0785857439041138,1.0602879524230957,1.062699317932129,0
2025-03-06,1.0794938802719116,1.0794938802719116,1.0851047039031982,1.0782485008239746,1.0794938802719116,0
2025-03-07,1.0787951946258545,1.0787951946258545,1.088565707206726,1.0782135725021362,1.0787951946258545,0
2025-03-10,1.086059331893921,1.086059331893921,1.0873465538024902,1.0806254148483276,1.086059331893921,0
2025-03-11,1.0839403867721558,1.0839403867721558,1.0930275917053223,1.0836819410324097,1.0839403867721558,0
2025-03-12,1.0914170742034912,1.0914170742034912,1.093457818031311,1.087725043296814,1.0914170742034912,0
2025-03-13,1.0886249542236328,1.0886249542236328,1.0899182558059692,1.082297921180725,1.0886249542236328,0
2025-03-14,1.085564136505127,1.085564136505127,1.0910122394561768,1.0831302404403687,1.085564136505127,0
2025-03-17,1.0881274938583374,1.0881274938583374,1.0928961038589478,1.0869210958480835,1.0881274938583374,0
2025-03-18,1.091917634010315,1.091917634010315,1.095446228981018,1.0897043943405151,1.091917634010315,0
2025-03-19,1.093948245048523,1.093948245048523,1.0945708751678467,1.0875948667526245,1.093948245048523,0
2025-03-20,1.0911908149719238,1.0911908149719238,1.0917507410049438,1.0818296670913696,1.0911908149719238,0
2025-03-21,1.0856702327728271,1.0856702327728271,1.086130142211914,1.0805671215057373,1.0856702327728271,0
2025-03-24,1.0835762023925781,1.0835762023925781,1.0856938362121582,1.079074501991272,1.0835762023925781,0
2025-03-25,1.0803569555282593,1.0803569555282593,1.0830715894699097,1.0778650045394897,1.0803569555282593,0
2025-03-26,1.0787487030029297,1.0787487030029297,1.080228567123413,1.076878309249878,1.0787487030029297,0
2025-03-27,1.0742061138153076,1.0742061138153076,1.0818763971328735,1.0742061138153076,1.0742061138153076,0
2025-03-28,1.080100178718567,1.080100178718567,1.0845280885696411,1.07658851146698,1.080100178718567,0
2025-03-31,1.082391619682312,1.082391619682312,1.084845781326294,1.0785740613937378,1.082391619682312,0
2025-04-01,1.0818880796432495,1.0818880796432495,1.0830715894699097,1.0779578685760498,1.0818880796432495,0
2025-04-02,1.0795987844467163,1.0795987844467163,1.087263822555542,1.0782020092010498,1.0795987844467163,0
2025-04-03,1.090869426727295,1.090869426727295,1.1133378744125366,1.0882458686828613,1.090869426727295,0
2025-04-04,1.1043744087219238,1.1043744087219238,1.1107531785964966,1.0964791774749756,1.1043744087219238,0
2025-04-07,1.098454475402832,1.098454475402832,1.1049845218658447,1.0903223752975464,1.098454475402832,0
2025-04-08,1.0915361642837524,1.0915361642837524,1.0991909503936768,1.0891940593719482,1.0915361642837524,0
2025-04-09,1.0980443954467773,1.0980443954467773,1.1094838380813599,1.0972250699996948,1.0980443954467773,0
2025-04-10,1.0952062606811523,1.0952062606811523,1.122536063194275,1.0953142642974854,1.0952062606811523,0
2025-04-11,1.1257838010787964,1.1257838010787964,1.1471836566925049,1.1250872611999512,1.1257838010787964,0
2025-04-14,1.1343141794204712,1.1343141794204712,1.1424784660339355,1.1299690008163452,1.1343141794204712,0
2025-04-15,1.1339668035507202,1.1339668035507202,1.1377859115600586,1.1285662651062012,1.1339668035507202,0
2025-04-16,1.1292672157287598,1.1292672157287598,1.1390169858932495,1.129420280456543,1.1292672157287598,0
2025-04-17,1.1396790742874146,1.1396790742874146,1.1396400928497314,1.13413405418396,1.1396790742874146,0
2025-04-22,1.1512778997421265,1.1512778997421265,1.1546543836593628,1.1453967094421387,1.1512778997421265,0
2025-04-23,1.1351252794265747,1.1351252794265747,1.144007682800293,1.13379967212677,1.1351252794265747,0
2025-04-24,1.132733702659607,1.132733702659607,1.1394323110580444,1.1322335004806519,1.132733702659607,0
2025-04-25,1.1371906995773315,1.1371906995773315,1.1384334564208984,1.1316184997558594,1.1371906995773315,0
2025-04-28,1.1343141794204712,1.1343141794204712,1.140823245048523,1.133105993270874,1.1343141794204712,0
2025-04-29,1.1409143209457397,1.1409143209457397,1.1419566869735718,1.1371389627456665,1.1409143209457397,0
2025-04-30,1.1389262676239014,1.1389262676239014,1.1398869752883911,1.1327080726623535,1.1389262676239014,0
2025-05-01,1.1324899196624756,1.1324899196624756,1.1340954303741455,1.126697063446045,1.1324899196624756,0
2025-05-02,1.1296498775482178,1.1296498775482178,1.1378635168075562,1.1275228261947632,1.1296498775482178,0
2025-05-05,1.1323232650756836,1.1323232650756836,1.1364539861679077,1.1312856674194336,1.1323232650756836,0
2025-05-06,1.1313369274139404,1.1313369274139404,1.1361182928085327,1.1281206607818604,1.1313369274139404,0
2025-05-07,1.1342755556106567,1.1342755556106567,1.1377729177474976,1.1327080726623535,1.1342755556106567,0
2025-05-08,1.1306205987930298,1.1306205987930298,1.1336711645126343,1.123608112335205,1.1306205987930298,0
2025-05-09,1.122422695159912,1.122422695159912,1.1291142702102661,1.1199839115142822,1.122422695159912,0
2025-05-12,1.12296462059021,1.12296462059021,1.1242902278900146,1.1075055599212646,1.12296462059021,0
2025-05-13,1.1095577478408813,1.1095577478408813,1.1177430152893066,1.109668493270874,1.1095577478408813,0
2025-05-14,1.1185556650161743,1.1185556650161743,1.1264559030532837,1.1182429790496826,1.1185556650161743,0
2025-05-15,1.1181930303573608,1.1181930303573608,1.1227755546569824,1.117480754852295,1.1181930303573608,0
2025-05-16,1.1192693710327148,1.1192693710327148,1.1219944953918457,1.1141440868377686,1.1192693710327148,0
2025-05-19,1.1187559366226196,1.1187559366226196,1.128604531288147,1.1173559427261353,1.1187559366226196,0
2025-05-20,1.1233429908752441,1.1233429908752441,1.1277261972427368,1.12186861038208,1.1233429908752441,0
2025-05-21,1.1287955045700073,1.1287955045700073,1.1362345218658447,1.1287446022033691,1.1287955045700073,0
2025-05-22,1.133118748664856,1.133118748664856,1.134455680847168,1.1267098188400269,1.133118748664856,0
2025-05-23,1.1281843185424805,1.1281843185424805,1.1376564502716064,1.1279934644699097,1.1281843185424805,0
2025-05-26,1.1372811794281006,1.1372811794281006,1.1418914794921875,1.136932134628296,1.1372811794281006,0
2025-05-27,1.1388484239578247,1.1388484239578247,1.1409013271331787,1.1325156688690186,1.1388484239578247,0
2025-05-28,1.1337097883224487,1.1337097883224487,1.1345586776733398,1.128426194190979,1.1337097883224487,0
2025-05-29,1.123368263244629,1.123368263244629,1.1369450092315674,1.12271249294281,1.123368263244629,0
2025-05-30,1.1378376483917236,1.1378376483917236,1.1390429735183716,1.1314393281936646,1.1378376483917236,0
2025-06-02,1.1353315114974976,1.1353315114974976,1.1449114084243774,1.135589361190796,1.1353315114974976,0
2025-06-03,1.1453442573547363,1.1453442573547363,1.145514726638794,1.1367640495300293,1.1453442573547363,0
2025-06-04,1.1384464502334595,1.1384464502334595,1.143458366394043,1.1359375715255737,1.1384464502334595,0
2025-06-05,1.1422044038772583,1.1422044038772583,1.1494252681732178,1.1406149864196777,1.1422044038772583,0
2025-06-06,1.1453834772109985,1.1453834772109985,1.1458691358566284,1.137229561805725,1.1453834772109985,0
2025-06-09,1.1407841444015503,1.1407841444015503,1.1440337896347046,1.138757586479187,1.1407841444015503,0
2025-06-10,1.1428048610687256,1.1428048610687256,1.1448328495025635,1.1374623775482178,1.1428048610687256,0
2025-06-11,1.143746018409729,1.143746018409729,1.149095058441162,1.1406019926071167,1.143746018409729,0
2025-06-12,1.1509333848953247,1.1509333848953247,1.1628718376159668,1.1502846479415894,1.1509333848953247,0
2025-06-13,1.1600254774093628,1.1600254774093628,1.1612108945846558,1.1492931842803955,1.1600254774093628,0
2025-06-16,1.1556684970855713,1.1556684970855713,1.1614806652069092,1.1524852514266968,1.1556684970855713,0
2025-06-17,1.1551345586776733,1.1551345586776733,1.1574074029922485,1.1512514352798462,1.1551345586776733,0
2025-06-18,1.1482638120651245,1.1482638120651245,1.1530035734176636,1.1482374668121338,1.1482638120651245,0
2025-06-19,1.1477497816085815,1.1477497816085815,1.1486859321594238,1.1448458433151245,1.1477497816085815,0
2025-06-20,1.1512778997421265,1.1512778997421265,1.1534557342529297,1.1496102809906006,1.1512778997421265,0
2025-06-23,1.1500862836837769,1.1500862836837769,1.1551746129989624,1.1455540657043457,1.1500862836837769,0
2025-06-24,1.1599044799804688,1.1599044799804688,1.1635890007019043,1.1582921743392944,1.1599044799804688,0
2025-06-25,1.161224365234375,1.161224365234375,1.1631423234939575,1.1590977907180786,1.161224365234375,0
2025-06-26,1.1683744192123413,1.1683744192123413,1.1743428707122803,1.1668611764907837,1.1683744192123413,0
2025-06-27,1.1692214012145996,1.1692214012145996,1.1750881671905518,1.1684290170669556,1.1692214012145996,0
2025-06-30,1.1727453470230103,1.1727453470230103,1.177163004875183,1.170905351638794,1.1727453470230103,0
2025-07-01,1.178717017173767,1.178717017173767,1.1830259561538696,1.1767750978469849,1.178717017173767,0
2025-07-02,1.180553913116455,1.180553913116455,1.1810001134872437,1.1749224662780762,1.180553913116455,0
2025-07-03,1.18002450466156,1.18002450466156,1.1813349723815918,1.1720856428146362,1.18002450466156,0
2025-07-04,1.1771491765975952,1.1771491765975952,1.1786893606185913,1.1756683588027954,1.1771491765975952,0
2025-07-07,1.178078293800354,1.178078293800354,1.179008960723877,1.1719070672988892,1.178078293800354,0
2025-07-08,1.1736538410186768,1.1736538410186768,1.17648446559906,1.168470025062561,1.1736538410186768,0
2025-07-09,1.1724566221237183,1.1724566221237183,1.1728830337524414,1.1690847873687744,1.1724566221237183,0
2025-07-10,1.17311692237854,1.17311692237854,1.1750881671905518,1.166575312614441,1.17311692237854,0
2025-07-11,1.1702749729156494,1.1702749729156494,1.1713716983795166,1.1665889024734497,1.1702749729156494,0
2025-07-14,1.1682106256484985,1.1682106256484985,1.169864296913147,1.1656641960144043,1.1682106256484985,0
2025-07-15,1.1666297912597656,1.1666297912597656,1.1692078113555908,1.1602139472961426,1.1666297912597656,0
2025-07-16,1.1607391834259033,1.1607391834259033,1.1716736555099487,1.1564035415649414,1.1607391834259033,0
2025-07-17,1.1635754108428955,1.1635754108428955,1.1635754108428955,1.1569386720657349,1.1635754108428955,0
2025-07-18,1.161548137664795,1.161548137664795,1.1669564247131348,1.1612648963928223,1.161548137664795,0
2025-07-21,1.1630746126174927,1.1630746126174927,1.1716736555099487,1.1614941358566284,1.1630746126174927,0
2025-07-22,1.1694538593292236,1.1694538593292236,1.174936294555664,1.1680059432983398,1.1694538593292236,0
2025-07-23,1.1739156246185303,1.1739156246185303,1.1752538681030273,1.1712344884872437,1.1739156246185303,0
2025-07-24,1.1774264574050903,1.1774264574050903,1.1787587404251099,1.1733232736587524,1.1774264574050903,0
2025-07-25,1.1756131649017334,1.1756131649017334,1.1760693788528442,1.1707408428192139,1.1756131649017334,0
2025-07-28,1.1756821870803833,1.1756821870803833,1.1770660877227783,1.1609952449798584,1.1756821870803833,0
2025-07-29,1.1596757173538208,1.1596757173538208,1.160092830657959,1.1519941091537476,1.1596757173538208,0
2025-07-30,1.1550945043563843,1.1550945043563843,1.157273530960083,1.1459347009658813,1.1550945043563843,0
2025-07-31,1.1429355144500732,1.1429355144500732,1.1460267305374146,1.1406540870666504,1.1429355144500732,0
2025-08-01,1.142374038696289,1.142374038696289,1.1582921743392944,1.1394582986831665,1.142374038696289,0
2025-08-04,1.158668041229248,1.158668041229248,1.1588828563690186,1.1550945043563843,1.158668041229248,0
2025-08-05,1.1584129333496094,1.1584129333496094,1.158815622329712,1.1530035734176636,1.1584129333496094,0
2025-08-06,1.1579166650772095,1.1579166650772095,1.164646029472351,1.156510591506958,1.1579166650772095,0
2025-08-07,1.1663167476654053,1.1663167476654053,1.1695358753204346,1.1614266633987427,1.1663167476654053,0
2025-08-08,1.1676650047302246,1.1676650047302246,1.167924165725708,1.1630746126174927,1.1676650047302246,0
2025-08-11,1.1647952795028687,1.1647952795028687,1.1676785945892334,1.1591111421585083,1.1647952795028687,0
2025-08-12,1.1618449687957764,1.1618449687957764,1.1694538593292236,1.1599314212799072,1.1618449687957764,0
2025-08-13,1.1677058935165405,1.1677058935165405,1.1730618476867676,1.1671879291534424,1.1677058935165405,0
2025-08-14,1.171289324760437,1.171289324760437,1.1715638637542725,1.1638462543487549,1.171289324760437,0
2025-08-15,1.1651345491409302,1.1651345491409302,1.171522617340088,1.1647816896438599,1.1651345491409302,0
2025-08-18,1.1706587076187134,1.1706587076187134,1.1710972785949707,1.166167140007019,1.1706587076187134,0
2025-08-19,1.1668338775634766,1.1668338775634766,1.169344425201416,1.1641037464141846,1.1668338775634766,0
2025-08-20,1.164252758026123,1.164252758026123,1.1672561168670654,1.1623852252960205,1.164252758026123,0
2025-08-21,1.165175199508667,1.165175199508667,1.1661943197250366,1.1602678298950195,1.165175199508667,0
2025-08-22,1.16130530834198,1.16130530834198,1.1730343103408813,1.1583592891693115,1.16130530834198,0
2025-08-25,1.1709601879119873,1.1709601879119873,1.1719757318496704,1.1667250394821167,1.1709601879119873,0
2025-08-26,1.1618449687957764,1.1618449687957764,1.1664528846740723,1.1602543592453003,1.1618449687957764,0
2025-08-27,1.1639411449432373,1.1639411449432373,1.1642799377441406,1.157474398612976,1.1639411449432373,0
2025-08-28,1.1647952795028687,1.1647952795028687,1.168770432472229,1.1629530191421509,1.1647952795028687,0
2025-08-29,1.1681560277938843,1.1681560277938843,1.1707408428192139,1.1654332876205444,1.1681560277938843,0
2025-09-01,1.1691803932189941,1.1691803932189941,1.1735849380493164,1.1688660383224487,1.1691803932189941,0
2025-09-02,1.1715912818908691,1.1715912818908691,1.1716049909591675,1.1613458395004272,1.1715912818908691,0
2025-09-03,1.163602590560913,1.163602590560913,1.1682243347167969,1.1609817743301392,1.163602590560913,0
2025-09-04,1.16604483127594,1.16604483127594,1.1667931079864502,1.1632235050201416,1.16604483127594,0
2025-09-05,1.1656913757324219,1.1656913757324219,1.1759172677993774,1.1653246879577637,1.1656913757324219,0
2025-09-08,1.1713168621063232,1.1713168621063232,1.175585389137268,1.1705764532089233,1.1713168621063232,0
2025-09-09,1.1769136190414429,1.1769136190414429,1.1780366897583008,1.1718658208847046,1.1769136190414429,0
2025-09-10,1.1702749729156494,1.1702749729156494,1.1730204820632935,1.1688660383224487,1.1702749729156494,0
2025-09-11,1.1703435182571411,1.1703435182571411,1.1745636463165283,1.1668883562088013,1.1703435182571411,0
2025-09-12,1.1734747886657715,1.1734747886657715,1.1748120784759521,1.170261263847351,1.1734747886657715,0
2025-09-15,1.1726491451263428,1.1726491451263428,1.1774401664733887,1.1717147827148438,1.1726491451263428,0
2025-09-16,1.1763737201690674,1.1763737201690674,1.1852554082870483,1.17583429813385,1.1763737201690674,0
2025-09-17,1.1871408224105835,1.1871408224105835,1.187295913696289,1.18343186378479,1.1871408224105835,0
2025-09-18,1.1826341152191162,1.1826341152191162,1.1848341226577759,1.1751296520233154,1.1826341152191162,0
2025-09-19,1.1791062355041504,1.1791062355041504,1.1793843507766724,1.1730343103408813,1.1791062355041504,0
2025-09-22,1.1736950874328613,1.1736950874328613,1.1786893606185913,1.172717809677124,1.1736950874328613,0
2025-09-23,1.1801080703735352,1.1801080703735352,1.1820051670074463,1.178175449371338,1.1801080703735352,0
2025-09-24,1.1814465522766113,1.1814465522766113,1.1816558837890625,1.1731306314468384,1.1814465522766113,0
2025-09-25,1.1744670867919922,1.1744670867919922,1.1754333972930908,1.1667931079864502,1.1744670867919922,0
2025-09-26,1.166275978088379,1.166275978088379,1.1702202558517456,1.16593599319458,1.166275978088379,0
2025-09-29,1.170823097229004,1.170823097229004,1.1754887104034424,1.1705353260040283,1.170823097229004,0
2025-09-30,1.1731443405151367,1.1731443405151367,1.1759449243545532,1.1713168621063232,1.1731443405151367,0
2025-10-01,1.1735849380493164,1.1735849380493164,1.1778839826583862,1.171687364578247,1.1735849380493164,0
2025-10-02,1.1734058856964111,1.1734058856964111,1.1759172677993774,1.1685655117034912,1.1734058856964111,0
2025-10-03,1.1725116968154907,1.1725116968154907,1.1756683588027954,1.1716187000274658,1.1725116968154907,0
2025-10-06,1.171248197555542,1.171248197555542,1.1731581687927246,1.1654061079025269,1.171248197555542,0
2025-10-07,1.171028733253479,1.171028733253479,1.1710972785949707,1.1655147075653076,1.171028733253479,0
2025-10-08,1.1654603481292725,1.1654603481292725,1.1652973890304565,1.1603620052337646,1.1654603481292725,0
2025-10-09,1.1631964445114136,1.1631964445114136,1.164958119392395,1.1549211740493774,1.1631964445114136,0
2025-10-10,1.156644344329834,1.156644344329834,1.1629935503005981,1.1560827493667603,1.156644344329834,0
2025-10-13,1.160240888595581,1.160240888595581,1.1629664897918701,1.1559356451034546,1.160240888595581,0
2025-10-14,1.1566845178604126,1.1566845178604126,1.160725712776184,1.154521107673645,1.1566845178604126,0
2025-10-15,1.1602274179458618,1.1602274179458618,1.1648223400115967,1.1602543592453003,1.1602274179458618,0
2025-10-16,1.1646324396133423,1.1646324396133423,1.1678286790847778,1.1643340587615967,1.1646324396133423,0
2025-10-17,1.1699601411819458,1.1699601411819458,1.1728416681289673,1.165813684463501,1.1699601411819458,0
2025-10-20,1.165745735168457,1.165745735168457,1.1676785945892334,1.1645375490188599,1.165745735168457,0
2025-10-21,1.164442539215088,1.164442539215088,1.1656370162963867,1.1598505973815918,1.164442539215088,0
2025-10-22,1.160038948059082,1.160038948059082,1.1616560220718384,1.1577692031860352,1.160038948059082,0
2025-10-23,1.1608469486236572,1.1608469486236572,1.1621150970458984,1.1586410999298096,1.1608469486236572,0
2025-10-24,1.1618045568466187,1.1618045568466187,1.164768099784851,1.1601735353469849,1.1618045568466187,0
2025-10-27,1.1631693840026855,1.1631693840026855,1.164958119392395,1.1618720293045044,1.1631693840026855,0
2025-10-28,1.165175199508667,1.165175199508667,1.1668611764907837,1.1627906560897827,1.165175199508667,0
2025-10-29,1.1657865047454834,1.1657865047454834,1.1665889024734497,1.1619800329208374,1.1657865047454834,0
2025-10-30,1.1603351831436157,1.1603351831436157,1.1634671688079834,1.1547610759735107,1.1603351831436157,0
2025-10-31,1.157246708869934,1.157246708869934,1.1577826738357544,1.152379035949707,1.157246708869934,0
2025-11-03,1.1528042554855347,1.1528042554855347,1.1542012691497803,1.1506155729293823,1.1528042554855347,0
2025-11-04,1.1519144773483276,1.1519144773483276,1.1532961130142212,1.1473548412322998,1.1519144773483276,0
2025-11-05,1.1485539674758911,1.1485539674758911,1.149795413017273,1.1470125913619995,1.1485539674758911,0
2025-11-06,1.1496764421463013,1.1496764421463013,1.154294490814209,1.149385690689087,1.1496764421463013,0
2025-11-07,1.1549211740493774,1.1549211740493774,1.1589902639389038,1.153043508529663,1.1549211740493774,0
2025-11-10,1.1543878316879272,1.1543878316879272,1.1582250595092773,1.1543744802474976,1.1554548740386963,0
2025-11-11,1.1557220220565796,1.1557220220565796,1.1606314182281494,1.1548144817352295,1.1557353734970093,0
2025-11-12,1.1587486267089844,1.1587486267089844,1.1597968339920044,1.1563233137130737,1.1588828563690186,0
2025-11-13,1.159218668937683,1.159218668937683,1.1649309396743774,1.1579837799072266,1.159245491027832,0
2025-11-14,1.1631964445114136,1.1631964445114136,1.1653653383255005,1.1608065366744995,1.1630746126174927,0
2025-11-17,1.1615345478057861,1.1615345478057861,1.1617100238800049,1.1583056449890137,1.16146719455719,0
2025-11-18,1.159057378768921,1.159057378768921,1.1606987714767456,1.1573805809020996,1.159003734588623,0
2025-11-19,1.1581177711486816,1.1581177711486816,1.1597565412521362,1.1535356044769287,1.158104419708252,0
2025-11-20,1.154068112373352,1.154068112373352,1.1551345586776733,1.1507744789123535,1.154068112373352,0
2025-11-21,1.1534557342529297,1.1534557342529297,1.1552013158798218,1.1492139101028442,1.1535356044769287,0
2025-11-24,1.1507612466812134,1.1507612466812134,1.1551345586776733,1.1502846479415894,1.1507877111434937,0
2025-11-25,1.1520073413848877,1.1520073413848877,1.1583458185195923,1.1512116193771362,1.1520737409591675,0
2025-11-26,1.156483769416809,1.156483769416809,1.1602274179458618,1.154961109161377,1.156577467918396,0
2025-11-27,1.1602139472961426,1.1602139472961426,1.1615750789642334,1.1577155590057373,1.1603620052337646,0
2025-11-28,1.1599851846694946,1.1599851846694946,1.1606718301773071,1.1557353734970093,1.1600254774093628,0
2025-12-01,1.1601465940475464,1.1601465940475464,1.1651887893676758,1.159003734588623,1.1602139472961426,0
2025-12-02,1.1607661247253418,1.1607661247253418,1.1623852252960205,1.1592992544174194,1.1607661247253418,0
2025-12-03,1.1627906560897827,1.1627906560897827,1.1675832271575928,1.1628177165985107,1.1628988981246948,0
2025-12-04,1.1666841506958008,1.1666841506958008,1.1682243347167969,1.1653653383255005,1.166670560836792,0
2025-12-05,1.1642799377441406,1.1642799377441406,1.167147159576416,1.162858247756958,1.1644561290740967,0
2025-12-08,1.164022445678711,1.164022445678711,1.1672561168670654,1.1616965532302856,1.1641172170639038,0
2025-12-09,1.1641442775726318,1.1641442775726318,1.165677785873413,1.1616965532302856,1.1641442775726318,0
2025-12-10,1.1628313064575195,1.1628313064575195,1.165745735168457,1.1622366905212402,1.1628447771072388,0
2025-12-11,1.1701242923736572,1.1701242923736572,1.1759449243545532,1.1683062314987183,1.170192837715149,0
2025-12-12,1.1739431619644165,1.1739431619644165,1.1746740341186523,1.172016978263855,1.1741361618041992,0
2025-12-15,1.1737639904022217,1.1737639904022217,1.1769136190414429,1.1727042198181152,1.1737502813339233,0
2025-12-16,1.1754610538482666,1.1754610538482666,1.18047034740448,1.1746050119400024,1.1755025386810303,0
2025-12-17,1.1749500036239624,1.1749500036239624,1.1757928133010864,1.1704530715942383,1.1749638319015503,0
2025-12-18,1.1742326021194458,1.1742326021194458,1.1758896112442017,1.17134428024292,1.1742188930511475,0
2025-12-19,1.1725666522979736,1.1725666522979736,1.1737502813339233,1.1704120635986328,1.1725391149520874,0
2025-12-22,1.1708093881607056,1.1708093881607056,1.177024483680725,1.1710835695266724,1.1710835695266724,0
2025-12-23,1.1765950918197632,1.1765950918197632,1.18035888671875,1.176429033279419,1.1764428615570068,0
2025-12-24,1.179551362991333,1.179551362991333,1.1809163093566895,1.1774264574050903,1.179565191268921,0
2025-12-26,1.1785364151000977,1.1785364151000977,1.179940938949585,1.1763044595718384,1.178383708000183,0
2025-12-29,1.1772738695144653,1.1772738695144653,1.1788560152053833,1.1754058599472046,1.1774957180023193,0
2025-12-30,1.1772878170013428,1.1772878170013428,1.1781338453292847,1.1746188402175903,1.1773016452789307,0
2025-12-31,1.1747292280197144,1.1747292280197144,1.1758756637573242,1.1720856428146362,1.1746463775634766,0
2026-01-02,1.175046682357788,1.175046682357788,1.176747441291809,1.17134428024292,1.1751158237457275,0
2026-01-05,1.1704667806625366,1.1704667806625366,1.1718658208847046,1.166003942489624,1.1706448793411255,0
2026-01-06,1.1714951992034912,1.1714951992034912,1.1745359897613525,1.1684154272079468,1.1716461181640625,0
2026-01-07,1.1688251495361328,1.1688251495361328,1.170548915863037,1.1674468517303467,1.1687841415405273,0
2026-01-08,1.1676785945892334,1.1676785945892334,1.1684973239898682,1.1652837991714478,1.1677467823028564,0
2026-01-09,1.1657865047454834,1.1657865047454834,1.16604483127594,1.161926031112671,1.165813684463501,0
2026-01-12,1.1623716354370117,1.1623716354370117,1.169864296913147,1.162304162979126,1.162493348121643,0
2026-01-13,1.1666978597640991,1.1666978597640991,1.1675423383712769,1.1635212898254395,1.1667931079864502,0
2026-01-14,1.164252758026123,1.164252758026123,1.1663167476654053,1.1637108325958252,1.1643340587615967,0
2026-01-15,1.1646324396133423,1.1646324396133423,1.164686679840088,1.1593934297561646,1.1645103693008423,0
2026-01-16,1.1609008312225342,1.1609008312225342,1.1626555919647217,1.1585471630096436,1.1609547138214111,0
2026-01-19,1.162493348121643,1.162493348121643,1.164958119392395,1.1609547138214111,1.1623852252960205,0
2026-01-20,1.1639139652252197,1.1639139652252197,1.1747016906738281,1.1633453369140625,1.1639952659606934,0
2026-01-21,1.1727865934371948,1.1727865934371948,1.1742602586746216,1.169700026512146,1.1726078987121582,0
2026-01-22,1.1672970056533813,1.1672970056533813,1.1750743389129639,1.167392373085022,1.167392373085022,0
2026-01-23,1.1754610538482666,1.1754610538482666,1.1775649785995483,1.1728966236114502,1.1753920316696167,0
2026-01-26,1.1858457326889038,1.1858457326889038,1.1904903650283813,1.183712124824524,1.1858175992965698,0
2026-01-27,1.1876484155654907,1.1876484155654907,1.1989833116531372,1.185185194015503,1.1874228715896606,0
2026-01-28,1.2017642259597778,1.2017642259597778,1.2023565769195557,1.1921935081481934,1.2022699117660522,0
2026-01-29,1.1977769136428833,1.1977769136428833,1.1994577646255493,1.1908447742462158,1.1976622343063354,0
2026-01-30,1.19657301902771,1.19657301902771,1.1973466873168945,1.187394618988037,1.1967878341674805,0
2026-02-02,1.1849182844161987,1.1849182844161987,1.1875073909759521,1.179078459739685,1.185044765472412,0
2026-02-03,1.1798714399337769,1.1798714399337769,1.1824523210525513,1.178078293800354,1.1799131631851196,0
2026-02-04,1.1816140413284302,1.1816140413284302,1.1838523149490356,1.1792314052581787,1.1816281080245972,0
2026-02-05,1.180163860321045,1.180163860321045,1.1820470094680786,1.1780505180358887,1.1802334785461426,0
2026-02-06,1.177786946296692,1.177786946296692,1.1826481819152832,1.176747441291809,1.1777453422546387,0
2026-02-09,1.182578206062317,1.182578206062317,1.1925204992294312,1.1817816495895386,1.1826202869415283,0
2026-02-10,1.1904053688049316,1.1904053688049316,1.192847728729248,1.1890182495117188,1.1904761791229248,0
2026-02-11,1.1889617443084717,1.1889617443084717,1.192733883857727,1.1839083433151245,1.188792109489441,0
2026-02-12,1.1876062154769897,1.1876062154769897,1.1890605688095093,1.1853257417678833,1.1875356435775757,0
2026-02-13,1.1868449449539185,1.1868449449539185,1.1879446506500244,1.1848762035369873,1.1869717836380005,0
2026-02-16,1.1867464780807495,1.1867464780807495,1.1870845556259155,1.1847639083862305,1.186704158782959,0
2026-02-17,1.1849884986877441,1.1849884986877441,1.1852554082870483,1.180553913116455,1.1850868463516235,0
2026-02-18,1.185185194015503,1.185185194015503,1.1853959560394287,1.1810418367385864,1.185157060623169,0
2026-02-19,1.1788839101791382,1.1788839101791382,1.1807769536972046,1.1743016242980957,1.1791062355041504,0
2026-02-20,1.1769136190414429,1.1769136190414429,1.1806097030639648,1.1745498180389404,1.1769136190414429,0
2026-02-23,1.1834739446640015,1.1834739446640015,1.183445930480957,1.1775233745574951,1.1829839944839478,0
2026-02-24,1.1793843507766724,1.1793843507766724,1.1796625852584839,1.1767336130142212,1.1793148517608643,0
2026-02-25,1.1775233745574951,1.1775233745574951,1.180790901184082,1.1771352291107178,1.1775511503219604,0
2026-02-26,1.181516408920288,1.181516408920288,1.1830118894577026,1.1782448291778564,1.181544303894043,0
2026-02-27,1.1803030967712402,1.1803030967712402,1.182396411895752,1.1790506839752197,1.1803449392318726,0
2026-03-02,1.1759449243545532,1.1759449243545532,1.1795791387557983,1.1672834157943726,1.1760140657424927,0
2026-03-03,1.1697274446487427,1.1697274446487427,1.1707134246826172,1.153203010559082,1.1694538593292236,0
2026-03-04,1.161224365234375,1.161224365234375,1.1654876470565796,1.1576753854751587,1.161089539527893,0
2026-03-05,1.1635618209838867,1.1635618209838867,1.164686679840088,1.1561896800994873,1.1635212898254395,0
2026-03-06,1.1608065366744995,1.1608065366744995,1.16225004196167,1.1547610759735107,1.1607122421264648,0
2026-03-09,1.152325987815857,1.152325987815857,1.159366488456726,1.150814175605774,1.1525650024414062,0
2026-03-10,1.1617234945297241,1.1617234945297241,1.1663848161697388,1.1608469486236572,1.1616694927215576,0
2026-03-11,1.1611299514770508,1.1611299514770508,1.164401888847351,1.1566978693008423,1.1613187789916992,0
2026-03-12,1.1543211936950684,1.1543211936950684,1.156738042831421,1.151145339012146,1.1541746854782104,0
2026-03-13,1.1521666049957275,1.1521666049957275,1.152923822402954,1.1434844732284546,1.1522197723388672,0
2026-03-16,1.1435105800628662,1.1435105800628662,1.1501259803771973,1.1415655612945557,1.1438244581222534,0
2026-03-17,1.1499539613723755,1.1499539613723755,1.15421462059021,1.146696925163269,1.1497821807861328,0
2026-03-18,1.153948187828064,1.153948187828064,1.1556684970855713,1.1492536067962646,1.1539082527160645,0
2026-03-19,1.1464471817016602,1.1464471817016602,1.1536552906036377,1.144505262374878,1.1462894678115845,0
2026-03-20,1.157755732536316,1.157755732536316,1.1581177711486816,1.1526447534561157,1.1575682163238525,0
2026-03-23,1.1560158729553223,1.1560158729553223,1.1637920141220093,1.1485011577606201,1.156376838684082,0
2026-03-24,1.1607122421264648,1.1607122421264648,1.1616560220718384,1.1569254398345947,1.160779595375061,0
2026-03-25,1.16146719455719,1.16146719455719,1.1631964445114136,1.1563634872436523,1.161386251449585,0
2026-03-26,1.1561496257781982,1.1561496257781982,1.1574074029922485,1.1523923873901367,1.1564704179763794,0
2026-03-27,1.1535090208053589,1.1535090208053589,1.1547343730926514,1.1502978801727295,1.1535356044769287,0
2026-03-30,1.149200677871704,1.149200677871704,1.152339220046997,1.1443873643875122,1.1491875648498535,0
2026-03-31,1.1460003852844238,1.1460003852844238,1.1538816690444946,1.144924521446228,1.1457903385162354,0
2026-04-01,1.1574207544326782,1.1574207544326782,1.1626555919647217,1.1555883884429932,1.157112717628479,0
2026-04-02,1.159057378768921,1.159057378768921,1.1598775386810303,1.1510393619537354,1.159151554107666,0
2026-04-03,1.1541746854782104,1.1541746854782104,1.1548677682876587,1.1520869731903076,1.1543878316879272,0
2026-04-06,1.150999665260315,1.150999665260315,1.1570056676864624,1.1506949663162231,1.151185154914856,0
2026-04-07,1.1541212797164917,1.1541212797164917,1.1583458185195923,1.1525251865386963,1.1540547609329224,0
2026-04-08,1.1686612367630005,1.1686612367630005,1.172333002090454,1.1666841506958008,1.1690436601638794,0
2026-04-09,1.16593599319458,1.16593599319458,1.1706311702728271,1.1651073694229126,1.165813684463501,0
2026-04-10,1.1691256761550903,1.1691256761550903,1.1741223335266113,1.1678149700164795,1.1691941022872925,0
2026-04-13,1.1675150394439697,1.1675150394439697,1.1719481945037842,1.167147159576416,1.1672152280807495,0
2026-04-14,1.176885962486267,1.176885962486267,1.1810559034347534,1.1756960153579712,1.176345944404602,0
2026-04-15,1.179940938949585,1.179940938949585,1.1810559034347534,1.177398681640625,1.179815649986267,0
2026-04-16,1.1809163093566895,1.1809163093566895,1.182382583618164,1.176955223083496,1.1807769536972046,0
2026-04-17,1.1782727241516113,1.1782727241516113,1.1851149797439575,1.1772878170013428,1.1778979301452637,0
2026-04-20,1.1741223335266113,1.1741223335266113,1.1791062355041504,1.1739156246185303,1.1739156246185303,0
2026-04-21,1.1784392595291138,1.1784392595291138,1.178828239440918,1.174315333366394,1.178383708000183,0
2026-04-22,1.174425721168518,1.174425721168518,1.176110863685608,1.1713716983795166,1.1745774745941162,0
2026-04-23,1.1706037521362305,1.1706037521362305,1.1716461181640625,1.167924165725708,1.1704941987991333,0
2026-04-24,1.16838800907135,1.16838800907135,1.17205810546875,1.1673243045806885,1.1684017181396484,0
2026-04-27,1.1706448793411255,1.1706448793411255,1.1756407022476196,1.1705901622772217,1.1705901622772217,0
2026-04-28,1.1723467111587524,1.1723467111587524,1.1728830337524414,1.1678286790847778,1.1723191738128662,0
2026-04-29,1.171783447265625,1.171783447265625,1.172195553779602,1.1683608293533325,1.1719344854354858,0
2026-04-30,1.168470025062561,1.168470025062561,1.17384672164917,1.165623426437378,1.168770432472229,0
2026-05-01,1.172910451889038,1.172910451889038,1.1784532070159912,1.1719344854354858,1.1730204820632935,0
2026-05-04,1.1726628541946411,1.1726628541946411,1.17384672164917,1.1690847873687744,1.1726078987121582,0
2026-05-05,1.1691941022872925,1.1691941022872925,1.1716461181640625,1.1677467823028564,1.1691941022872925,0
2026-05-06,1.1715774536132812,1.1715774536132812,1.1796625852584839,1.1712619066238403,1.1715089082717896,0
2026-05-07,1.1747430562973022,1.1747430562973022,1.177994966506958,1.1746740341186523,1.1748120784759521,0
2026-05-08,1.1731581687927246,1.1731581687927246,1.178467035293579,1.172525405883789,1.1730892658233643,0
2026-05-11,1.176885962486267,1.176885962486267,1.1789672374725342,1.174936294555664,1.176885962486267,0
2026-05-12,1.177994966506958,1.177994966506958,1.1778563261032104,1.1723054647445679,1.1775649785995483,0
2026-05-13,1.1735436916351318,1.1735436916351318,1.1742602586746216,1.1696317195892334,1.173626184463501,0
2026-05-14,1.1716049909591675,1.1716049909591675,1.1721543073654175,1.1672425270080566,1.171783447265625,0
2026-05-15,1.166208028793335,1.166208028793335,1.1664528846740723,1.1618314981460571,1.1662487983703613,0
2026-05-18,1.161440134048462,1.161440134048462,1.1659088134765625,1.1609008312225342,1.1617100238800049,0
2026-05-19,1.1655147075653076,1.1655147075653076,1.1655012369155884,1.1593127250671387,1.1654061079025269,0
2026-05-20,1.1607122421264648,1.1607122421264648,1.1644154787063599,1.1583592891693115,1.1605371236801147,0
2026-05-21,1.1625338792800903,1.1625338792800903,1.1637378931045532,1.1577290296554565,1.1625068187713623,0
2026-05-22,1.1621150970458984,1.1621150970458984,1.1618449687957764,1.1589365005493164,1.1615750789642334,0
2026-05-25,1.164225697517395,1.164225697517395,1.1655012369155884,1.1630340814590454,1.1640766859054565,0
2026-05-26,1.1637378931045532,1.1637378931045532,1.164686679840088,1.161737084388733,1.1636160612106323,0
2026-05-27,1.1636837720870972,1.1636837720870972,1.1660856008529663,1.1623852252960205,1.1638598442077637,0
2026-05-28,1.1617909669876099,1.1617909669876099,1.1657729148864746,1.1587486267089844,1.1617640256881714,0
2026-05-29,1.1652837991714478,1.1652837991714478,1.1685519218444824,1.1625880002975464,1.165338158607483,0
2026-06-01,1.164890170097351,1.164890170097351,1.1667250394821167,1.1607391834259033,1.164808750152588,0
2026-06-02,1.1635483503341675,1.1635483503341675,1.1655012369155884,1.162912368774414,1.1635618209838867,0
2026-06-03,1.1622096300125122,1.1622096300125122,1.163602590560913,1.1595412492752075,1.1621556282043457,0
2026-06-04,1.160941243171692,1.160941243171692,1.164686679840088,1.1599044799804688,1.1609278917312622,0
2026-06-05,1.1612648963928223,1.1612648963928223,1.1645511388778687,1.1531099081039429,1.161440134048462,0
2026-06-08,1.1522595882415771,1.1522595882415771,1.155428171157837,1.1500862836837769,1.1524720191955566,0
2026-06-09,1.1528440713882446,1.1528440713882446,1.1578094959259033,1.152790904045105,1.152790904045105,0
2026-06-10,1.1535356044769287,1.1535356044769287,1.1574074029922485,1.15340256690979,1.1535356044769287,0
2026-06-11,1.1535621881484985,1.1535621881484985,1.1558021306991577,1.151450276374817,1.1538017988204956,0
2026-06-12,1.157594919204712,1.157594919204712,1.159151554107666,1.1558021306991577,1.1573537588119507,0
2026-06-15,1.1603081226348877,1.1603081226348877,1.16225004196167,1.1594606637954712,1.160644769668579,0
2026-06-16,1.1594202518463135,1.1594202518463135,1.1618449687957764,1.1575413942337036,1.1592857837677002,0
2026-06-17,1.1609952449798584,1.1609952449798584,1.1618449687957764,1.1586545705795288,1.1609278917312622,0
2026-06-18,1.150734782218933,1.150734782218933,1.1530035734176636,1.1454228162765503,1.151145339012146,0
2026-06-19,1.1458560228347778,1.1458560228347778,1.1475785970687866,1.1418262720108032,1.1463946104049683,0
2026-06-22,1.1462763547897339,1.1462763547897339,1.147315263748169,1.1426090002059937,1.1463682651519775,0
2026-06-23,1.1427135467529297,1.1427135467529297,1.1439030170440674,1.137669324874878,1.1425306797027588,0
2026-06-24,1.1379542350769043,1.1379542350769043,1.1384334564208984,1.132541298866272,1.1379282474517822,0
2026-06-25,1.1354217529296875,1.1354217529296875,1.1388354301452637,1.1334270238876343,1.135344386100769,0
2026-06-26,1.1361699104309082,1.1361699104309082,1.1433929204940796,1.135486125946045,1.1363893747329712,0
2026-06-29,1.1385631561279297,1.1385631561279297,1.1425960063934326,1.1381744146347046,1.1384464502334595,0
2026-06-30,1.1422044038772583,1.1422044038772583,1.1434452533721924,1.1383298635482788,1.1418914794921875,0
2026-07-01,1.1413310766220093,1.1413310766220093,1.1416828632354736,1.1362087726593018,1.141252875328064,0
2026-07-02,1.13779878616333,1.13779878616333,1.1471705436706543,1.1375399827957153,1.1377859115600586,0
2026-07-03,1.1422696113586426,1.1422696113586426,1.1465259790420532,1.1421130895614624,1.142374038696289,0
2026-07-06,1.144426703453064,1.144426703453064,1.144819736480713,1.1411616802215576,1.143379807472229,0
2026-07-06,EURUSD=X,EURUSD=X,EURUSD=X,EURUSD=X,EURUSD=X,EURUSD=X
