Date,Gold_Close,Oil_Close,BTC_Close,EURUSD_Close
2024-07-08,2355.199951171875,82.33000183105469,56705.09765625,1.082602620124817
2024-07-09,2360.10009765625,81.41000366210938,58009.2265625,1.0830950736999512
2024-07-10,2372.199951171875,82.0999984741211,57742.49609375,1.0814785957336426
2024-07-11,2415.0,82.62000274658203,57344.9140625,1.083329677581787
2024-07-12,2414.0,82.20999908447266,57899.46484375,1.0872756242752075
2024-07-15,2422.89990234375,81.91000366210938,64870.15234375,1.0885539054870605
2024-07-16,2462.39990234375,80.76000213623047,65097.1484375,1.0901559591293335
2024-07-17,2454.800048828125,82.8499984741211,64118.79296875,1.0902509689331055
2024-07-18,2451.800048828125,82.81999969482422,63974.06640625,1.094020128250122
2024-07-19,2395.5,80.12999725341797,66710.15625,1.0901559591293335
2024-07-22,2392.0,79.77999877929688,67585.25,1.0899182558059692
2024-07-23,2404.60009765625,76.95999908447266,65927.671875,1.0889805555343628
2024-07-24,2413.300048828125,77.58999633789062,65372.1328125,1.0850694179534912
2024-07-25,2351.89990234375,78.27999877929688,65777.2265625,1.0839520692825317
2024-07-26,2380.0,77.16000366210938,67912.0625,1.0851283073425293
2024-07-29,2377.300048828125,75.80999755859375,66819.9140625,1.0853756666183472
2024-07-30,2405.0,74.7300033569336,66201.015625,1.081946611404419
2024-07-31,2426.5,77.91000366210938,64619.25,1.0816072225570679
2024-08-01,2435.0,76.30999755859375,65357.5,1.082391619682312
2024-08-02,2425.699951171875,73.5199966430664,61415.06640625,1.0787602663040161
2024-08-05,2401.699951171875,72.94000244140625,53991.45703125,1.0910836458206177
2024-08-06,2389.10009765625,73.19999694824219,56034.31640625,1.0950982570648193
2024-08-07,2390.5,75.2300033569336,55027.4609375,1.0926215648651123
2024-08-08,2422.199951171875,76.19000244140625,61710.13671875,1.0928125381469727
2024-08-09,2432.10009765625,76.83999633789062,60880.11328125,1.0915720462799072
2024-08-12,2462.39990234375,80.05999755859375,59354.515625,1.091381311416626
2024-08-13,2466.699951171875,78.3499984741211,60609.56640625,1.0936251878738403
2024-08-14,2439.39990234375,76.9800033569336,58737.26953125,1.0996986627578735
2024-08-15,2453.10009765625,78.16000366210938,57560.09765625,1.1013215780258179
2024-08-16,2498.60009765625,76.6500015258789,58894.10546875,1.0972732305526733
2024-08-19,2501.800048828125,74.37000274658203,59493.453125,1.1024993658065796
2024-08-20,2511.300048828125,74.04000091552734,59012.79296875,1.1086474657058716
2024-08-21,2508.39990234375,71.93000030517578,61175.19140625,1.112792730331421
2024-08-22,2478.89990234375,73.01000213623047,60381.9140625,1.115536093711853
2024-08-23,2508.39990234375,74.83000183105469,64094.35546875,1.111716389656067
2024-08-26,2517.699951171875,77.41999816894531,62880.66015625,1.1187934875488281
2024-08-27,2516.0,75.52999877929688,59504.1328125,1.1164700984954834
2024-08-28,2501.0,74.5199966430664,59027.625,1.117793083190918
2024-08-29,2525.699951171875,75.91000366210938,59388.1796875,1.1124955415725708
2024-08-30,2493.800048828125,73.55000305175781,59119.4765625,1.1080454587936401
2024-09-03,2489.89990234375,70.33999633789062,57431.0234375,1.1067456007003784
2024-09-04,2493.39990234375,69.19999694824219,57971.5390625,1.1048868894577026
2024-09-05,2511.39990234375,69.1500015258789,56160.48828125,1.1080454587936401
2024-09-06,2493.5,67.66999816894531,53948.75390625,1.1111111640930176
2024-09-09,2501.800048828125,68.70999908447266,57019.53515625,1.1087212562561035
2024-09-10,2512.300048828125,65.75,57648.7109375,1.1037527322769165
2024-09-11,2512.10009765625,67.30999755859375,57343.171875,1.1020983457565308
2024-09-12,2551.199951171875,68.97000122070312,58127.01171875,1.1010911464691162
2024-09-13,2581.300048828125,68.6500015258789,60571.30078125,1.1077877283096313
2024-09-16,2580.39990234375,70.08999633789062,58192.5078125,1.1088441610336304
2024-09-17,2564.300048828125,71.19000244140625,60308.5390625,1.1129536628723145
2024-09-18,2570.699951171875,70.91000366210938,61649.6796875,1.1123099327087402
2024-09-19,2588.0,71.94999694824219,62940.45703125,1.1114816665649414
2024-09-20,2619.89990234375,71.91999816894531,63192.9765625,1.1161960363388062
2024-09-23,2626.5,70.37000274658203,63329.80078125,1.1160838603973389
2024-09-24,2651.199951171875,71.55999755859375,64301.96875,1.1111727952957153
2024-09-25,2659.199951171875,69.69000244140625,63143.14453125,1.1191190481185913
2024-09-26,2669.89990234375,67.66999816894531,65181.01953125,1.1131023168563843
2024-09-27,2644.300048828125,68.18000030517578,65790.6640625,1.117717981338501
2024-09-30,2636.10009765625,68.16999816894531,63329.5,1.1169815063476562
2024-10-01,2667.300048828125,69.83000183105469,60837.0078125,1.113660216331482
2024-10-02,2647.10009765625,70.0999984741211,60632.78515625,1.1063904762268066
2024-10-03,2657.10009765625,73.70999908447266,60759.40234375,1.1048502922058105
2024-10-04,2645.800048828125,74.37999725341797,62067.4765625,1.103557825088501
2024-10-07,2644.800048828125,77.13999938964844,62236.66015625,1.0974539518356323
2024-10-08,2615.0,73.56999969482422,62131.96875,1.0975743532180786
2024-10-09,2606.0,73.23999786376953,60582.1015625,1.0975743532180786
2024-10-10,2620.60009765625,75.8499984741211,60274.5,1.0943313837051392
2024-10-11,2657.60009765625,75.55999755859375,62445.08984375,1.0933860540390015
2024-10-14,2647.800048828125,73.83000183105469,66046.125,1.0925379991531372
2024-10-15,2661.39990234375,70.58000183105469,67041.109375,1.0909169912338257
2024-10-16,2674.0,70.38999938964844,67612.71875,1.0884116888046265
2024-10-17,2691.0,70.66999816894531,67399.8359375,1.0862481594085693
2024-10-18,2713.699951171875,69.22000122070312,68418.7890625,1.0829542875289917
2024-10-21,2723.10009765625,70.55999755859375,67367.8515625,1.0868619680404663
2024-10-22,2744.199951171875,72.08999633789062,67361.40625,1.0817828178405762
2024-10-23,2714.39990234375,70.7699966430664,66432.1953125,1.079727053642273
2024-10-24,2734.89990234375,70.19000244140625,68161.0546875,1.0780508518218994
2024-10-25,2740.89990234375,71.77999877929688,66642.4140625,1.0824151039123535
2024-10-28,2742.89990234375,67.37999725341797,69907.7578125,1.0796570777893066
2024-10-29,2768.39990234375,67.20999908447266,72720.4921875,1.0816774368286133
2024-10-30,2788.5,68.61000061035156,72339.5390625,1.0820636749267578
2024-10-31,2738.300048828125,69.26000213623047,70215.1875,1.0859178304672241
2024-11-01,2738.60009765625,69.48999786376953,69482.46875,1.0886130332946777
2024-11-04,2736.10009765625,71.47000122070312,67811.5078125,1.087453007698059
2024-11-05,2740.300048828125,71.98999786376953,69359.5625,1.0874056816101074
2024-11-06,2667.60009765625,71.69000244140625,75639.078125,1.093445897102356
2024-11-07,2698.39990234375,72.36000061035156,75904.859375,1.073306918144226
2024-11-08,2687.5,70.37999725341797,76545.4765625,1.0795172452926636
2024-11-11,2611.199951171875,68.04000091552734,88701.484375,1.0714898109436035
2024-11-12,2600.0,68.12000274658203,87955.8125,1.066439151763916
2024-11-13,2580.800048828125,68.43000030517578,90584.1640625,1.061672568321228
2024-11-14,2568.199951171875,68.69999694824219,87250.4296875,1.0564124584197998
2024-11-15,2565.699951171875,67.0199966430664,91066.0078125,1.0530084371566772
2024-11-18,2610.60009765625,69.16000366210938,90542.640625,1.0533745288848877
2024-11-19,2627.10009765625,69.38999938964844,92343.7890625,1.059490442276001
2024-11-20,2648.199951171875,68.87000274658203,94339.4921875,1.0607603788375854
2024-11-21,2672.10009765625,70.0999984741211,98504.7265625,1.0546187162399292
2024-11-22,2709.89990234375,71.23999786376953,98997.6640625,1.0469341278076172
2024-11-25,2616.800048828125,68.94000244140625,93102.296875,1.0479873418807983
2024-11-26,2620.300048828125,68.7699966430664,91985.3203125,1.0444300174713135
2024-11-27,2639.89990234375,68.72000122070312,95962.53125,1.0491198301315308
2024-11-29,2657.0,68.0,97461.5234375,1.0563008785247803
2024-12-02,2634.89990234375,68.0999984741211,95865.3046875,1.0545074939727783
2024-12-03,2644.699951171875,69.94000244140625,96002.1640625,1.0501223802566528
2024-12-04,2653.800048828125,68.54000091552734,98768.53125,1.0510826110839844
2024-12-05,2626.60009765625,68.30000305175781,96593.5703125,1.051414132118225
2024-12-06,2638.60009765625,67.19999694824219,99920.7109375,1.058559536933899
2024-12-09,2664.89990234375,68.37000274658203,97432.71875,1.0565463304519653
2024-12-10,2697.60009765625,68.58999633789062,96675.4296875,1.0555204153060913
2024-12-11,2733.800048828125,70.29000091552734,101173.03125,1.0532968044281006
2024-12-12,2687.5,70.0199966430664,100043.0,1.0506850481033325
2024-12-13,2656.0,71.29000091552734,101459.2578125,1.0474056005477905
2024-12-16,2651.39990234375,70.70999908447266,106029.71875,1.051005244255066
2024-12-17,2644.39990234375,70.08000183105469,106140.6015625,1.0517348051071167
2024-12-18,2636.5,70.58000183105469,100041.5390625,1.0495051145553589
2024-12-19,2592.199951171875,69.91000366210938,97490.953125,1.0350252389907837
2024-12-20,2628.699951171875,69.45999908447266,97755.9296875,1.0364949703216553
2024-12-23,2612.300048828125,69.23999786376953,94686.2421875,1.0433076620101929
2024-12-24,2620.0,70.0999984741211,98676.09375,1.0405826568603516
2024-12-26,2638.800048828125,69.62000274658203,95795.515625,1.0399551391601562
2024-12-27,2617.199951171875,70.5999984741211,94164.859375,1.0423181056976318
2024-12-30,2606.10009765625,70.98999786376953,92643.2109375,1.0429377555847168
2024-12-31,2629.199951171875,71.72000122070312,93429.203125,1.040615200996399
2025-01-02,2658.89990234375,73.12999725341797,96886.875,1.0351860523223877
2025-01-03,2645.0,73.95999908447266,98107.4296875,1.0268205404281616
2025-01-06,2638.39990234375,73.55999755859375,102078.0859375,1.0305347442626953
2025-01-07,2656.699951171875,74.25,96922.703125,1.0386372804641724
2025-01-08,2664.5,73.31999969482422,95043.5234375,1.034554123878479
2025-01-09,2683.800048828125,73.91999816894531,92484.0390625,1.0314701795578003
2025-01-10,2708.5,76.56999969482422,94701.453125,1.0297601222991943
2025-01-13,2673.5,78.81999969482422,94516.5234375,1.0244431495666504
2025-01-14,2677.5,77.5,96534.046875,1.0265253782272339
2025-01-15,2712.5,80.04000091552734,100504.4921875,1.0306835174560547
2025-01-16,2746.39990234375,78.68000030517578,99756.90625,1.0295268297195435
2025-01-17,2744.300048828125,77.87999725341797,104462.0390625,1.0301949977874756
2025-01-21,2755.0,75.88999938964844,106146.265625,1.0420682430267334
2025-01-22,2767.60009765625,75.44000244140625,103653.0703125,1.0405935049057007
2025-01-23,2763.10009765625,74.62000274658203,103960.171875,1.0410159826278687
2025-01-24,2777.300048828125,74.66000366210938,104819.484375,1.041601538658142
2025-01-27,2737.5,73.16999816894531,102087.6875,1.0467586517333984
2025-01-28,2766.800048828125,73.7699966430664,101332.4765625,1.0445064306259155
2025-01-29,2769.10009765625,72.62000274658203,103703.2109375,1.0429050922393799
2025-01-30,2823.0,72.7300033569336,104735.3046875,1.0425245761871338
2025-01-31,2812.5,72.52999877929688,102405.0234375,1.0397279262542725
2025-02-03,2833.89990234375,73.16000366210938,101405.421875,1.024779200553894
2025-02-04,2853.300048828125,72.69999694824219,97871.8203125,1.0327378511428833
2025-02-05,2871.60009765625,71.02999877929688,96615.4453125,1.0372798442840576
2025-02-06,2856.0,70.61000061035156,96593.296875,1.0400848388671875
2025-02-07,2867.300048828125,71.0,96529.0859375,1.0385725498199463
2025-02-10,2914.300048828125,72.31999969482422,97437.5546875,1.0311616659164429
2025-02-11,2912.5,73.31999969482422,95747.4296875,1.0301525592803955
2025-02-12,2909.0,71.37000274658203,97885.859375,1.0364949703216553
2025-02-13,2925.89990234375,71.29000091552734,96623.8671875,1.039198637008667
2025-02-14,2883.60009765625,70.73999786376953,97508.96875,1.0461673736572266
2025-02-18,2931.60009765625,71.8499984741211,95539.546875,1.048536777496338
2025-02-19,2919.39990234375,72.25,96635.609375,1.044833779335022
2025-02-20,2940.0,72.56999969482422,98333.9375,1.0421009063720703
2025-02-21,2937.60009765625,70.4000015258789,96125.546875,1.0500562191009521
2025-02-24,2947.89990234375,70.69999694824219,91418.171875,1.0474823713302612
2025-02-25,2904.5,68.93000030517578,88736.171875,1.0461344718933105
2025-02-26,2916.800048828125,68.62000274658203,84347.0234375,1.0524100065231323
2025-02-27,2883.199951171875,70.3499984741211,84704.2265625,1.0488777160644531
2025-02-28,2836.800048828125,69.76000213623047,84373.0078125,1.039511799812317
2025-03-03,2890.199951171875,68.37000274658203,86065.671875,1.0413846969604492
2025-03-04,2909.60009765625,68.26000213623047,87222.1953125,1.0485037565231323
2025-03-05,2915.300048828125,66.30999755859375,90623.5625,1.062699317932129
2025-03-06,2916.60009765625,66.36000061035156,89961.7265625,1.0794938802719116
2025-03-07,2904.699951171875,67.04000091552734,86742.671875,1.0787951946258545
2025-03-10,2891.0,66.02999877929688,78532.0,1.086059331893921
2025-03-11,2912.89990234375,66.25,82862.2109375,1.0839403867721558
2025-03-12,2939.10009765625,67.68000030517578,83722.359375,1.0914170742034912
2025-03-13,2984.300048828125,66.55000305175781,81066.703125,1.0886249542236328
2025-03-14,2994.5,67.18000030517578,83969.1015625,1.085564136505127
2025-03-17,3000.0,67.58000183105469,84075.6875,1.0881274938583374
2025-03-18,3035.10009765625,66.9000015258789,82718.5,1.091917634010315
2025-03-19,3035.89990234375,67.16000366210938,86854.2265625,1.093948245048523
2025-03-20,3040.0,68.26000213623047,84167.1953125,1.0911908149719238
2025-03-21,3018.199951171875,68.27999877929688,84043.2421875,1.0856702327728271
2025-03-24,3013.10009765625,69.11000061035156,87498.9140625,1.0835762023925781
2025-03-25,3023.699951171875,69.0,87471.703125,1.0803569555282593
2025-03-26,3020.89990234375,69.6500015258789,86900.8828125,1.0787487030029297
2025-03-27,3060.199951171875,69.91999816894531,87177.1015625,1.0742061138153076
2025-03-28,3086.5,69.36000061035156,84353.1484375,1.080100178718567
2025-03-31,3122.800048828125,71.4800033569336,82548.9140625,1.082391619682312
2025-04-01,3118.89990234375,71.19999694824219,85169.171875,1.0818880796432495
2025-04-02,3139.89990234375,71.70999908447266,82485.7109375,1.0795987844467163
2025-04-03,3097.0,66.94999694824219,83102.828125,1.090869426727295
2025-04-04,3012.0,61.9900016784668,83843.8046875,1.1043744087219238
2025-04-07,2951.300048828125,60.70000076293945,79235.3359375,1.098454475402832
2025-04-08,2968.39990234375,59.58000183105469,76271.953125,1.0915361642837524
2025-04-09,3056.5,62.349998474121094,82573.953125,1.0980443954467773
2025-04-10,3155.199951171875,60.06999969482422,79626.140625,1.0952062606811523
2025-04-11,3222.199951171875,61.5,83404.8359375,1.1257838010787964
2025-04-14,3204.800048828125,61.529998779296875,84542.390625,1.1343141794204712
2025-04-15,3218.699951171875,61.33000183105469,83668.9921875,1.1339668035507202
2025-04-16,3326.60009765625,62.470001220703125,84033.8671875,1.1292672157287598
2025-04-17,3308.699951171875,64.68000030517578,84895.75,1.1396790742874146
2025-04-22,3400.800048828125,64.30999755859375,93441.890625,1.1512778997421265
2025-04-23,3276.300048828125,62.27000045776367,93699.109375,1.1351252794265747
2025-04-24,3332.0,62.790000915527344,93943.796875,1.132733702659607
2025-04-25,3282.39990234375,63.02000045776367,94720.5,1.1371906995773315
2025-04-28,3332.5,62.04999923706055,94978.75,1.1343141794204712
2025-04-29,3318.800048828125,60.41999816894531,94284.7890625,1.1409143209457397
2025-04-30,3305.0,58.209999084472656,94207.3125,1.1389262676239014
2025-05-01,3210.0,59.2400016784668,96492.3359375,1.1324899196624756
2025-05-02,3231.89990234375,58.290000915527344,96910.0703125,1.1296498775482178
2025-05-05,3311.300048828125,57.130001068115234,94748.0546875,1.1323232650756836
2025-05-06,3411.39990234375,59.09000015258789,96802.4765625,1.1313369274139404
2025-05-07,3381.39990234375,58.06999969482422,97032.3203125,1.1342755556106567
2025-05-08,3296.60009765625,59.90999984741211,103241.4609375,1.1306205987930298
2025-05-09,3335.39990234375,61.02000045776367,102970.8515625,1.122422695159912
2025-05-12,3220.0,61.95000076293945,102812.953125,1.12296462059021
2025-05-13,3240.300048828125,63.66999816894531,104169.8125,1.1095577478408813
2025-05-14,3181.39990234375,63.150001525878906,103539.4140625,1.1185556650161743
2025-05-15,3220.699951171875,61.619998931884766,103744.640625,1.1181930303573608
2025-05-16,3182.0,62.4900016784668,103489.2890625,1.1192693710327148
2025-05-19,3228.89990234375,62.689998626708984,105606.1796875,1.1187559366226196
2025-05-20,3280.300048828125,62.560001373291016,106791.0859375,1.1233429908752441
2025-05-21,3309.300048828125,61.56999969482422,109678.078125,1.1287955045700073
2025-05-22,3292.300048828125,61.20000076293945,111673.28125,1.133118748664856
2025-05-23,3363.60009765625,61.529998779296875,107287.796875,1.1281843185424805
2025-05-27,3299.10009765625,60.88999938964844,108994.640625,1.1388484239578247
2025-05-28,3293.60009765625,61.84000015258789,107802.328125,1.1337097883224487
2025-05-29,3317.10009765625,60.939998626708984,105641.7578125,1.123368263244629
2025-05-30,3288.89990234375,60.790000915527344,103998.5703125,1.1378376483917236
2025-06-02,3370.60009765625,62.52000045776367,105881.53125,1.1353315114974976
2025-06-03,3350.199951171875,63.40999984741211,105432.46875,1.1453442573547363
2025-06-04,3373.5,62.849998474121094,104731.984375,1.1384464502334595
2025-06-05,3350.699951171875,63.369998931884766,101575.953125,1.1422044038772583
2025-06-06,3322.699951171875,64.58000183105469,104390.34375,1.1453834772109985
2025-06-09,3332.10009765625,65.29000091552734,110294.1015625,1.1407841444015503
2025-06-10,3320.89990234375,64.9800033569336,110257.234375,1.1428048610687256
2025-06-11,3321.300048828125,68.1500015258789,108686.625,1.143746018409729
2025-06-12,3380.89990234375,68.04000091552734,105929.0546875,1.1509333848953247
2025-06-13,3431.199951171875,72.9800033569336,106090.96875,1.1600254774093628
2025-06-16,3396.39990234375,71.7699966430664,106796.7578125,1.1556684970855713
2025-06-17,3386.60009765625,74.83999633789062,104601.1171875,1.1551345586776733
2025-06-18,3389.800048828125,75.13999938964844,104883.328125,1.1482638120651245
2025-06-20,3368.10009765625,74.93000030517578,103309.6015625,1.1512778997421265
2025-06-23,3377.699951171875,68.51000213623047,105577.7734375,1.1500862836837769
2025-06-24,3317.39990234375,64.37000274658203,106045.6328125,1.1599044799804688
2025-06-25,3327.10009765625,64.91999816894531,107361.2578125,1.161224365234375
2025-06-26,3333.5,65.23999786376953,106960.0,1.1683744192123413
2025-06-27,3273.699951171875,65.5199966430664,107088.4296875,1.1692214012145996
2025-06-30,3294.39990234375,65.11000061035156,107135.3359375,1.1727453470230103
2025-07-01,3336.699951171875,65.44999694824219,105698.28125,1.178717017173767
2025-07-02,3348.0,67.44999694824219,108859.3203125,1.180553913116455
2025-07-03,3331.60009765625,67.0,109647.9765625,1.18002450466156
2025-07-04,3332.5,66.5,108034.3359375,1.1771491765975952
2025-07-07,3332.199951171875,67.93000030517578,108299.8515625,1.178078293800354
2025-07-08,3307.0,68.33000183105469,108950.2734375,1.1736538410186768
2025-07-09,3311.60009765625,68.37999725341797,111326.5546875,1.1724566221237183
2025-07-10,3317.39990234375,66.56999969482422,115987.203125,1.17311692237854
2025-07-11,3356.0,68.44999694824219,117516.9921875,1.1702749729156494
2025-07-14,3351.5,66.9800033569336,119849.703125,1.1682106256484985
2025-07-15,3329.800048828125,66.5199966430664,117777.1875,1.1666297912597656
2025-07-16,3352.5,66.37999725341797,118738.5078125,1.1607391834259033
2025-07-17,3340.10009765625,67.54000091552734,119289.84375,1.1635754108428955
2025-07-18,3353.0,67.33999633789062,118003.2265625,1.161548137664795
2025-07-21,3401.89990234375,67.19999694824219,117439.5390625,1.1630746126174927
2025-07-22,3439.199951171875,66.20999908447266,119995.4140625,1.1694538593292236
2025-07-23,3394.10009765625,65.25,118754.9609375,1.1739156246185303
2025-07-24,3371.0,66.02999877929688,118368.0,1.1774264574050903
2025-07-25,3334.0,65.16000366210938,117635.8828125,1.1756131649017334
2025-07-28,3309.10009765625,66.70999908447266,117924.4765625,1.1756821870803833
2025-07-29,3323.39990234375,69.20999908447266,117922.1484375,1.1596757173538208
2025-07-30,3295.800048828125,70.0,117831.1875,1.1550945043563843
2025-07-31,3293.199951171875,69.26000213623047,115758.203125,1.1429355144500732
2025-08-01,3347.699951171875,67.33000183105469,113320.0859375,1.142374038696289
2025-08-04,3374.39990234375,66.29000091552734,115071.8828125,1.158668041229248
2025-08-05,3381.89990234375,65.16000366210938,114141.4453125,1.1584129333496094
2025-08-06,3380.0,64.3499984741211,115028.0,1.1579166650772095
2025-08-07,3400.300048828125,63.880001068115234,117496.8984375,1.1663167476654053
2025-08-08,3439.10009765625,63.880001068115234,116688.7265625,1.1676650047302246
2025-08-11,3353.10009765625,63.959999084472656,118731.4453125,1.1647952795028687
2025-08-12,3348.89990234375,63.16999816894531,120172.90625,1.1618449687957764
2025-08-13,3358.699951171875,62.650001525878906,123344.0625,1.1677058935165405
2025-08-14,3335.199951171875,63.959999084472656,118359.578125,1.171289324760437
2025-08-15,3336.0,62.79999923706055,117398.3515625,1.1651345491409302
2025-08-18,3331.699951171875,63.41999816894531,116252.3125,1.1706587076187134
2025-08-19,3313.39990234375,62.349998474121094,112831.1796875,1.1668338775634766
2025-08-20,3343.39990234375,63.209999084472656,114274.7421875,1.164252758026123
2025-08-21,3336.89990234375,63.52000045776367,112419.03125,1.165175199508667
2025-08-22,3374.39990234375,63.65999984741211,116874.0859375,1.16130530834198
2025-08-25,3373.800048828125,64.80000305175781,110124.3515625,1.1709601879119873
2025-08-26,3388.60009765625,63.25,111802.65625,1.1618449687957764
2025-08-27,3404.60009765625,64.1500015258789,111222.0625,1.1639411449432373
2025-08-28,3431.800048828125,64.5999984741211,112544.8046875,1.1647952795028687
2025-08-29,3473.699951171875,64.01000213623047,108410.8359375,1.1681560277938843
2025-09-02,3549.39990234375,65.58999633789062,111200.5859375,1.1715912818908691
2025-09-03,3593.199951171875,63.970001220703125,111723.2109375,1.163602590560913
2025-09-04,3565.800048828125,63.47999954223633,110723.6015625,1.16604483127594
2025-09-05,3613.199951171875,61.869998931884766,110650.984375,1.1656913757324219
2025-09-08,3638.10009765625,62.2599983215332,112071.4296875,1.1713168621063232
2025-09-09,3643.300048828125,62.630001068115234,111530.546875,1.1769136190414429
2025-09-10,3643.60009765625,63.66999816894531,113955.359375,1.1702749729156494
2025-09-11,3636.89990234375,62.369998931884766,115507.5390625,1.1703435182571411
2025-09-12,3649.39990234375,62.689998626708984,116101.578125,1.1734747886657715
2025-09-15,3682.199951171875,63.29999923706055,115444.875,1.1726491451263428
2025-09-16,3688.89990234375,64.5199966430664,116843.1875,1.1763737201690674
2025-09-17,3681.800048828125,64.05000305175781,116468.5078125,1.1871408224105835
2025-09-18,3643.699951171875,63.56999969482422,117137.203125,1.1826341152191162
2025-09-19,3671.5,62.68000030517578,115688.859375,1.1791062355041504
2025-09-22,3740.699951171875,62.63999938964844,112748.5078125,1.1736950874328613
2025-09-23,3780.60009765625,63.40999984741211,112014.5,1.1801080703735352
2025-09-24,3732.10009765625,64.98999786376953,113328.6328125,1.1814465522766113
2025-09-25,3736.89990234375,64.9800033569336,109049.2890625,1.1744670867919922
2025-09-26,3775.300048828125,65.72000122070312,109712.828125,1.166275978088379
2025-09-29,3820.89990234375,63.45000076293945,114400.3828125,1.170823097229004
2025-09-30,3840.800048828125,62.369998931884766,114056.0859375,1.1731443405151367
2025-10-01,3867.5,61.779998779296875,118648.9296875,1.1735849380493164
2025-10-02,3839.699951171875,60.47999954223633,120681.2578125,1.1734058856964111
2025-10-03,3880.800048828125,60.880001068115234,122266.53125,1.1725116968154907
2025-10-06,3948.5,61.689998626708984,124752.53125,1.171248197555542
2025-10-07,3976.60009765625,61.72999954223633,121451.3828125,1.171028733253479
2025-10-08,4043.300048828125,62.54999923706055,123354.8671875,1.1654603481292725
2025-10-09,3946.300048828125,61.5099983215332,121705.5859375,1.1631964445114136
2025-10-10,3975.89990234375,58.900001525878906,113214.3671875,1.156644344329834
2025-10-13,4108.60009765625,59.4900016784668,115271.078125,1.160240888595581
2025-10-14,4138.7001953125,58.70000076293945,113118.6640625,1.1566845178604126
2025-10-15,4176.89990234375,58.27000045776367,110783.1640625,1.1602274179458618
2025-10-16,4280.2001953125,57.459999084472656,108186.0390625,1.1646324396133423
2025-10-17,4189.89990234375,57.540000915527344,106467.7890625,1.1699601411819458
2025-10-20,4336.39990234375,57.52000045776367,110588.9296875,1.165745735168457
2025-10-21,4087.699951171875,57.81999969482422,108476.890625,1.164442539215088
2025-10-22,4044.39990234375,58.5,107688.5859375,1.160038948059082
2025-10-23,4125.5,61.790000915527344,110069.7265625,1.1608469486236572
2025-10-24,4118.39990234375,61.5,111033.921875,1.1618045568466187
2025-10-27,4001.89990234375,61.310001373291016,114119.328125,1.1631693840026855
2025-10-28,3966.199951171875,60.150001525878906,112956.1640625,1.165175199508667
2025-10-29,3983.699951171875,60.47999954223633,110055.3046875,1.1657865047454834
2025-10-30,4001.300048828125,60.56999969482422,108305.546875,1.1603351831436157
2025-10-31,3982.199951171875,60.97999954223633,109556.1640625,1.157246708869934
2025-11-03,4000.300048828125,61.04999923706055,106547.5234375,1.1528042554855347
2025-11-04,3947.699951171875,60.560001373291016,101590.5234375,1.1519144773483276
2025-11-05,3980.300048828125,59.599998474121094,103891.8359375,1.1485539674758911
2025-11-06,3979.89990234375,59.43000030517578,101301.2890625,1.1496764421463013
2025-11-07,3999.39990234375,59.75,103372.40625,1.1549211740493774
2025-11-10,4111.7998046875,60.130001068115234,105996.59375,1.1543878316879272
2025-11-11,4106.7998046875,61.040000915527344,102997.46875,1.1557220220565796
2025-11-12,4204.39990234375,58.4900016784668,101663.1875,1.1587486267089844
2025-11-13,4186.89990234375,58.689998626708984,99697.4921875,1.159218668937683
2025-11-14,4087.60009765625,60.09000015258789,94397.7890625,1.1631964445114136
2025-11-17,4068.300048828125,59.90999984741211,92093.875,1.1615345478057861
2025-11-18,4061.300048828125,60.7400016784668,92948.875,1.159057378768921
2025-11-19,4077.699951171875,59.439998626708984,91465.9921875,1.1581177711486816
2025-11-20,4056.5,59.13999938964844,86631.8984375,1.154068112373352
2025-11-21,4076.699951171875,58.060001373291016,85090.6875,1.1534557342529297
2025-11-24,4091.89990234375,58.84000015258789,88270.5625,1.1507612466812134
2025-11-25,4139.2001953125,57.95000076293945,87341.890625,1.1520073413848877
2025-11-26,4165.2001953125,58.650001525878906,90518.3671875,1.156483769416809
2025-11-28,4218.2998046875,58.54999923706055,90919.265625,1.1599851846694946
2025-12-01,4239.2998046875,59.31999969482422,86321.5703125,1.1601465940475464
2025-12-02,4186.60009765625,58.63999938964844,91350.203125,1.1607661247253418
2025-12-03,4199.2998046875,58.95000076293945,93527.8046875,1.1627906560897827
2025-12-04,4211.7998046875,59.66999816894531,92141.625,1.1666841506958008
2025-12-05,4212.89990234375,60.08000183105469,89387.7578125,1.1642799377441406
2025-12-08,4187.2001953125,58.880001068115234,90640.203125,1.164022445678711
2025-12-09,4206.7001953125,58.25,92691.7109375,1.1641442775726318
2025-12-10,4196.39990234375,58.459999084472656,92020.9453125,1.1628313064575195
2025-12-11,4285.5,57.599998474121094,92511.3359375,1.1701242923736572
2025-12-12,4300.10009765625,57.439998626708984,90270.4140625,1.1739431619644165
2025-12-15,4306.7001953125,56.81999969482422,86419.78125,1.1737639904022217
2025-12-16,4304.5,55.27000045776367,87843.984375,1.1754610538482666
2025-12-17,4347.5,55.939998626708984,86143.7578125,1.1749500036239624
2025-12-18,4339.5,56.150001525878906,85462.5078125,1.1742326021194458
2025-12-19,4361.39990234375,56.65999984741211,88103.3828125,1.1725666522979736
2025-12-22,4444.60009765625,58.0099983215332,88490.015625,1.1708093881607056
2025-12-23,4482.7998046875,58.380001068115234,87414.0,1.1765950918197632
2025-12-24,4480.60009765625,58.349998474121094,87611.9609375,1.179551362991333
2025-12-26,4529.10009765625,56.7400016784668,87301.4296875,1.1785364151000977
2025-12-29,4325.10009765625,58.08000183105469,87138.140625,1.1772738695144653
2025-12-30,4370.10009765625,57.95000076293945,88430.1328125,1.1772878170013428
2025-12-31,4325.60009765625,57.41999816894531,87508.828125,1.1747292280197144
2026-01-02,4314.39990234375,57.31999969482422,89944.6953125,1.175046682357788
2026-01-05,4436.89990234375,58.31999969482422,93882.5546875,1.1704667806625366
2026-01-06,4482.2001953125,57.130001068115234,93729.03125,1.1714951992034912
2026-01-07,4449.2998046875,55.9900016784668,91308.0546875,1.1688251495361328
2026-01-08,4449.7001953125,57.7599983215332,91027.125,1.1676785945892334
2026-01-09,4490.2998046875,59.119998931884766,90513.1015625,1.1657865047454834
2026-01-12,4604.2998046875,59.5,91192.9921875,1.1623716354370117
2026-01-13,4589.2001953125,61.150001525878906,95321.78125,1.1666978597640991
2026-01-14,4626.2998046875,62.02000045776367,96929.328125,1.164252758026123
2026-01-15,4616.2998046875,59.189998626708984,95551.1875,1.1646324396133423
2026-01-16,4588.39990234375,59.439998626708984,95525.1171875,1.1609008312225342
2026-01-20,4759.60009765625,60.34000015258789,88310.90625,1.1639139652252197
2026-01-21,4831.7998046875,60.619998931884766,89376.9609375,1.1727865934371948
2026-01-22,4908.7998046875,59.36000061035156,89462.453125,1.1672970056533813
2026-01-23,4976.2001953125,61.06999969482422,89503.875,1.1754610538482666
2026-01-26,5079.7001953125,60.630001068115234,88267.140625,1.1858457326889038
2026-01-27,5079.89990234375,62.38999938964844,89102.5703125,1.1876484155654907
2026-01-28,5301.60009765625,63.209999084472656,89184.5703125,1.2017642259597778
2026-01-29,5318.39990234375,65.41999816894531,84561.5859375,1.1977769136428833
2026-01-30,4713.89990234375,65.20999908447266,84128.65625,1.19657301902771
2026-02-02,4622.5,62.13999938964844,78688.765625,1.1849182844161987
2026-02-03,4903.7001953125,63.209999084472656,75633.546875,1.1798714399337769
2026-02-04,4920.39990234375,65.13999938964844,73019.703125,1.1816140413284302
2026-02-05,4861.39990234375,63.290000915527344,62702.09765625,1.180163860321045
2026-02-06,4951.2001953125,63.54999923706055,70555.390625,1.177786946296692
2026-02-09,5050.89990234375,64.36000061035156,70120.78125,1.182578206062317
2026-02-10,5003.7998046875,63.959999084472656,68793.9609375,1.1904053688049316
2026-02-11,5071.60009765625,64.62999725341797,66991.96875,1.1889617443084717
2026-02-12,4923.7001953125,62.84000015258789,66221.84375,1.1876062154769897
2026-02-13,5022.0,62.88999938964844,68857.84375,1.1868449449539185
2026-02-17,4882.89990234375,62.33000183105469,67494.21875,1.1849884986877441
2026-02-18,4986.5,65.19000244140625,66425.3203125,1.185185194015503
2026-02-19,4975.89990234375,66.43000030517578,66957.5234375,1.1788839101791382
2026-02-20,5059.2998046875,66.38999938964844,68005.421875,1.1769136190414429
2026-02-23,5204.7001953125,66.30999755859375,64616.73828125,1.1834739446640015
2026-02-24,5155.7998046875,65.62999725341797,64080.04296875,1.1793843507766724
2026-02-25,5206.39990234375,65.41999816894531,67960.125,1.1775233745574951
2026-02-26,5176.5,65.20999908447266,67453.7734375,1.181516408920288
2026-02-27,5230.5,67.0199966430664,65881.796875,1.1803030967712402
2026-03-02,5294.39990234375,71.2300033569336,68775.8515625,1.1759449243545532
2026-03-03,5107.39990234375,74.55999755859375,68293.6484375,1.1697274446487427
2026-03-04,5120.2001953125,74.66000366210938,72710.578125,1.161224365234375
2026-03-05,5065.2998046875,81.01000213623047,70841.125,1.1635618209838867
2026-03-06,5146.10009765625,90.9000015258789,68136.4921875,1.1608065366744995
2026-03-09,5091.5,94.7699966430664,68402.3828125,1.152325987815857
2026-03-10,5229.7001953125,83.44999694824219,69926.921875,1.1617234945297241
2026-03-11,5167.39990234375,87.25,70204.8828125,1.1611299514770508
2026-03-12,5115.7998046875,95.7300033569336,70493.4609375,1.1543211936950684
2026-03-13,5052.5,98.70999908447266,70968.265625,1.1521666049957275
2026-03-16,4994.0,93.5,74861.0859375,1.1435105800628662
2026-03-17,5001.0,96.20999908447266,73922.4765625,1.1499539613723755
2026-03-18,4889.89990234375,96.31999969482422,71245.578125,1.153948187828064
2026-03-19,4600.7001953125,96.13999938964844,69912.7890625,1.1464471817016602
2026-03-20,4570.39990234375,98.31999969482422,70522.5859375,1.157755732536316
2026-03-23,4404.10009765625,88.12999725341797,70914.859375,1.1560158729553223
2026-03-24,4399.2998046875,92.3499984741211,70517.859375,1.1607122421264648
2026-03-25,4549.7998046875,90.31999969482422,71309.8828125,1.16146719455719
2026-03-26,4375.5,94.4800033569336,68791.625,1.1561496257781982
2026-03-27,4492.0,99.63999938964844,66338.375,1.1535090208053589
2026-03-30,4526.0,102.87999725341797,66691.4453125,1.149200677871704
2026-03-31,4647.60009765625,101.37999725341797,68233.3125,1.1460003852844238
2026-04-01,4783.2001953125,100.12000274658203,68078.5546875,1.1574207544326782
2026-04-02,4651.5,111.54000091552734,66888.5703125,1.159057378768921
2026-04-06,4656.7998046875,112.41000366210938,68859.828125,1.150999665260315
2026-04-07,4657.10009765625,112.94999694824219,71940.703125,1.1541212797164917
2026-04-08,4749.5,94.41000366210938,71123.359375,1.1686612367630005
2026-04-09,4792.2001953125,97.87000274658203,71767.828125,1.16593599319458
2026-04-10,4761.89990234375,96.56999969482422,72979.046875,1.1691256761550903
2026-04-13,4742.39990234375,99.08000183105469,74484.640625,1.1675150394439697
2026-04-14,4825.0,91.27999877929688,74181.609375,1.176885962486267
2026-04-15,4800.0,91.29000091552734,74805.078125,1.179940938949585
2026-04-16,4785.39990234375,94.69000244140625,75152.1328125,1.1809163093566895
2026-04-17,4857.60009765625,83.8499984741211,77126.875,1.1782727241516113
2026-04-20,4806.60009765625,89.61000061035156,75872.5234375,1.1741223335266113
2026-04-21,4698.39990234375,92.12999725341797,76352.7734375,1.1784392595291138
2026-04-22,4732.5,92.95999908447266,78203.1015625,1.174425721168518
2026-04-23,4705.10009765625,95.8499984741211,78268.953125,1.1706037521362305
2026-04-24,4722.2998046875,94.4000015258789,77455.3125,1.16838800907135
2026-04-27,4675.39990234375,96.37000274658203,77366.625,1.1706448793411255
2026-04-28,4591.5,99.93000030517578,76350.671875,1.1723467111587524
2026-04-29,4545.2001953125,106.87999725341797,75776.1328125,1.171783447265625
2026-04-30,4614.7001953125,105.06999969482422,76304.3203125,1.168470025062561
2026-05-01,4629.89990234375,101.94000244140625,78179.0,1.172910451889038
2026-05-04,4519.5,106.41999816894531,79827.90625,1.1726628541946411
2026-05-05,4555.7998046875,102.2699966430664,80927.0546875,1.1691941022872925
2026-05-06,4681.89990234375,95.08000183105469,81427.53125,1.1715774536132812
2026-05-07,4699.7998046875,94.80999755859375,80009.9921875,1.1747430562973022
2026-05-08,4720.39990234375,95.41999816894531,80186.765625,1.1731581687927246
2026-05-11,4718.7001953125,98.06999969482422,81728.296875,1.176885962486267
2026-05-12,4677.60009765625,102.18000030517578,80477.4921875,1.177994966506958
2026-05-13,4697.7001953125,101.0199966430664,79277.1171875,1.1735436916351318
2026-05-14,4678.10009765625,101.16999816894531,81051.25,1.1716049909591675
2026-05-15,4555.7998046875,105.41999816894531,79065.6796875,1.166208028793335
2026-05-18,4552.5,108.66000366210938,76954.171875,1.161440134048462
2026-05-19,4506.2998046875,107.7699966430664,76750.90625,1.1655147075653076
2026-05-20,4531.2998046875,98.26000213623047,77457.7734375,1.1607122421264648
2026-05-21,4539.7998046875,96.3499984741211,77539.171875,1.1625338792800903
2026-05-22,4521.0,96.5999984741211,75488.2421875,1.1621150970458984
2026-05-26,4500.39990234375,93.88999938964844,75825.734375,1.1637378931045532
2026-05-27,4447.5,88.68000030517578,74344.703125,1.1636837720870972
2026-05-28,4499.2998046875,88.9000015258789,73536.5546875,1.1617909669876099
2026-05-29,4560.5,87.36000061035156,73372.5234375,1.1652837991714478
2026-06-01,4475.2001953125,92.16000366210938,71319.7734375,1.164890170097351
2026-06-02,4489.10009765625,93.76000213623047,66703.65625,1.1635483503341675
2026-06-03,4436.7001953125,96.0199966430664,64014.3671875,1.1622096300125122
2026-06-04,4475.7998046875,93.04000091552734,63801.57421875,1.160941243171692
2026-06-05,4337.10009765625,90.54000091552734,60922.66796875,1.1612648963928223
2026-06-08,4335.89990234375,91.30000305175781,63090.58984375,1.1522595882415771
2026-06-09,4260.0,88.19999694824219,61643.78125,1.1528440713882446
2026-06-10,4108.2001953125,90.02999877929688,61449.2890625,1.1535356044769287
2026-06-11,4090.300048828125,87.70999908447266,63561.0546875,1.1535621881484985
2026-06-12,4215.0,84.87999725341797,63543.19921875,1.157594919204712
2026-06-15,4328.0,80.75,66289.5,1.1603081226348877
2026-06-16,4330.89990234375,76.05000305175781,65600.640625,1.1594202518463135
2026-06-17,4358.89990234375,76.79000091552734,64418.4453125,1.1609952449798584
2026-06-18,4224.10009765625,76.5999984741211,62896.47265625,1.150734782218933
2026-06-22,4181.89990234375,74.81999969482422,63952.10546875,1.1462763547897339
2026-06-23,4129.89990234375,73.20999908447266,62668.01953125,1.1427135467529297
2026-06-24,3990.300048828125,70.33999633789062,60995.1328125,1.1379542350769043
2026-06-25,4030.5,71.91999816894531,59721.67578125,1.1354217529296875
2026-06-26,4078.699951171875,69.2300033569336,60016.4296875,1.1361699104309082
2026-06-29,4022.300048828125,70.75,60138.37890625,1.1385631561279297
2026-06-30,4022.89990234375,69.5,58558.859375,1.1422044038772583
2026-07-01,4068.300048828125,68.58000183105469,60003.7578125,1.1413310766220093
2026-07-02,4112.7001953125,68.69000244140625,61485.30078125,1.13779878616333
2026-07-06,4173.39990234375,68.62000274658203,63752.98828125,1.144426703453064
2026-07-06,4173.39990234375,68.62000274658203,63752.98828125,EURUSD=X
2026-07-06,4173.39990234375,68.62000274658203,BTC-USD,1.144426703453064
2026-07-06,4173.39990234375,68.62000274658203,BTC-USD,EURUSD=X
2026-07-06,4173.39990234375,CL=F,63752.98828125,1.144426703453064
2026-07-06,4173.39990234375,CL=F,63752.98828125,EURUSD=X
2026-07-06,4173.39990234375,CL=F,BTC-USD,1.144426703453064
2026-07-06,4173.39990234375,CL=F,BTC-USD,EURUSD=X
2026-07-06,GC=F,68.62000274658203,63752.98828125,1.144426703453064
2026-07-06,GC=F,68.62000274658203,63752.98828125,EURUSD=X
2026-07-06,GC=F,68.62000274658203,BTC-USD,1.144426703453064
2026-07-06,GC=F,68.62000274658203,BTC-USD,EURUSD=X
2026-07-06,GC=F,CL=F,63752.98828125,1.144426703453064
2026-07-06,GC=F,CL=F,63752.98828125,EURUSD=X
2026-07-06,GC=F,CL=F,BTC-USD,1.144426703453064
2026-07-06,GC=F,CL=F,BTC-USD,EURUSD=X
