Date,Asset,Drawdown_60D
2024-07-08,Gold,
2024-07-09,Gold,
2024-07-10,Gold,
2024-07-11,Gold,
2024-07-12,Gold,
2024-07-15,Gold,
2024-07-16,Gold,
2024-07-17,Gold,
2024-07-18,Gold,
2024-07-19,Gold,
2024-07-22,Gold,
2024-07-23,Gold,
2024-07-24,Gold,
2024-07-25,Gold,
2024-07-26,Gold,
2024-07-29,Gold,
2024-07-30,Gold,
2024-07-31,Gold,
2024-08-01,Gold,
2024-08-02,Gold,
2024-08-05,Gold,
2024-08-06,Gold,
2024-08-07,Gold,
2024-08-08,Gold,
2024-08-09,Gold,
2024-08-12,Gold,
2024-08-13,Gold,
2024-08-14,Gold,
2024-08-15,Gold,
2024-08-16,Gold,
2024-08-19,Gold,
2024-08-20,Gold,
2024-08-21,Gold,
2024-08-22,Gold,
2024-08-23,Gold,
2024-08-26,Gold,
2024-08-27,Gold,
2024-08-28,Gold,
2024-08-29,Gold,
2024-08-30,Gold,
2024-09-03,Gold,
2024-09-04,Gold,
2024-09-05,Gold,
2024-09-06,Gold,
2024-09-09,Gold,
2024-09-10,Gold,
2024-09-11,Gold,
2024-09-12,Gold,
2024-09-13,Gold,
2024-09-16,Gold,
2024-09-17,Gold,
2024-09-18,Gold,
2024-09-19,Gold,
2024-09-20,Gold,
2024-09-23,Gold,
2024-09-24,Gold,
2024-09-25,Gold,
2024-09-26,Gold,
2024-09-27,Gold,
2024-09-30,Gold,-0.012659577483721061
2024-10-01,Gold,-0.0009737644146669093
2024-10-02,Gold,-0.008539572838474348
2024-10-03,Gold,-0.004794114070068243
2024-10-04,Gold,-0.009026500766740034
2024-10-07,Gold,-0.009401046643580643
2024-10-08,Gold,-0.020562532061803727
2024-10-09,Gold,-0.023933444953369222
2024-10-10,Gold,-0.018465038574750525
2024-10-11,Gold,-0.004606841131647938
2024-10-14,Gold,-0.008277409013058812
2024-10-15,Gold,-0.0031836399531451885
2024-10-16,Gold,0.0
2024-10-17,Gold,0.0
2024-10-18,Gold,0.0
2024-10-21,Gold,0.0
2024-10-22,Gold,0.0
2024-10-23,Gold,-0.010859284803718212
2024-10-24,Gold,-0.0033889836723280803
2024-10-25,Gold,-0.0012025540728968227
2024-10-28,Gold,-0.0004737442064197367
2024-10-29,Gold,0.0
2024-10-30,Gold,0.0
2024-10-31,Gold,-0.01800249279966828
2024-11-01,Gold,-0.017894890566164605
2024-11-04,Gold,-0.018791429924242424
2024-11-05,Gold,-0.017285261313206023
2024-11-06,Gold,-0.043356608335574684
2024-11-07,Gold,-0.032311313486193295
2024-11-08,Gold,-0.036220190066343916
2024-11-11,Gold,-0.0635825887854133
2024-11-12,Gold,-0.0675990675990676
2024-11-13,Gold,-0.07448447235857092
2024-11-14,Gold,-0.0790030657443518
2024-11-15,Gold,-0.07989960510242962
2024-11-18,Gold,-0.06379770569974896
2024-11-19,Gold,-0.05788054593643536
2024-11-20,Gold,-0.05031380628586157
2024-11-21,Gold,-0.04174283749103461
2024-11-22,Gold,-0.028187232439035325
2024-11-25,Gold,-0.061574305602250315
2024-11-26,Gold,-0.06031915050094137
2024-11-27,Gold,-0.05329033446521427
2024-11-29,Gold,-0.047157970234893314
2024-12-02,Gold,-0.05508341318136991
2024-12-03,Gold,-0.05156896138717052
2024-12-04,Gold,-0.04830552310269858
2024-12-05,Gold,-0.058059853808050926
2024-12-06,Gold,-0.05375646488927739
2024-12-09,Gold,-0.04432494088443608
2024-12-10,Gold,-0.03259813603864085
2024-12-11,Gold,-0.019616263644208355
2024-12-12,Gold,-0.036220190066343916
2024-12-13,Gold,-0.04751658597812444
2024-12-16,Gold,-0.049166253418056305
2024-12-17,Gold,-0.051676563620674194
2024-12-18,Gold,-0.054509592971131435
2024-12-19,Gold,-0.07039628790680473
2024-12-20,Gold,-0.057306813278868565
2024-12-23,Gold,-0.06318807644679039
2024-12-24,Gold,-0.06042675273444504
2024-12-26,Gold,-0.053684759251165504
2024-12-27,Gold,-0.06143089432602654
2024-12-30,Gold,-0.06541147654428904
2024-12-31,Gold,-0.057127505407253004
2025-01-02,Gold,-0.04647663534382284
2025-01-03,Gold,-0.05146135915366685
2025-01-06,Gold,-0.05382825808006096
2025-01-07,Gold,-0.04726557246839699
2025-01-08,Gold,-0.044468352160659856
2025-01-09,Gold,-0.037547050805764745
2025-01-10,Gold,-0.028689259458490227
2025-01-13,Gold,-0.0412408104715797
2025-01-14,Gold,-0.03980634749865519
2025-01-15,Gold,-0.027254796485565717
2025-01-16,Gold,-0.015097757811099156
2025-01-17,Gold,-0.015850798340281514
2025-01-21,Gold,-0.012013627398242783
2025-01-22,Gold,-0.007495034012461897
2025-01-23,Gold,-0.009108804857001973
2025-01-24,Gold,-0.0040164788136542945
2025-01-27,Gold,-0.01828940290478752
2025-01-28,Gold,-0.003780650205378583
2025-01-29,Gold,-0.002952490198289864
2025-01-30,Gold,0.0
2025-01-31,Gold,-0.0037194473963868225
2025-02-03,Gold,0.0
2025-02-04,Gold,0.0
2025-02-05,Gold,0.0
2025-02-06,Gold,-0.005432545314712355
2025-02-07,Gold,-0.0014974399923006775
2025-02-10,Gold,0.0
2025-02-11,Gold,-0.0006176607754746534
2025-02-12,Gold,-0.0018186352603796624
2025-02-13,Gold,0.0
2025-02-14,Gold,-0.014457023855674744
2025-02-18,Gold,0.0
2025-02-19,Gold,-0.004161616491367219
2025-02-20,Gold,0.0
2025-02-21,Gold,-0.0008162933142006803
2025-02-24,Gold,0.0
2025-02-25,Gold,-0.014722312080286234
2025-02-26,Gold,-0.010549833625931065
2025-02-27,Gold,-0.02194781143024389
2025-02-28,Gold,-0.03768779714239762
2025-03-03,Gold,-0.019573239622553064
2025-03-04,Gold,-0.012992233778714621
2025-03-05,Gold,-0.011058670441864813
2025-03-06,Gold,-0.010617661971023797
2025-03-07,Gold,-0.014654483735193503
2025-03-10,Gold,-0.019301843423689964
2025-03-11,Gold,-0.011872859038454116
2025-03-12,Gold,-0.0029851097320175795
2025-03-13,Gold,0.0
2025-03-14,Gold,0.0
2025-03-17,Gold,0.0
2025-03-18,Gold,0.0
2025-03-19,Gold,0.0
2025-03-20,Gold,0.0
2025-03-21,Gold,-0.007171068693462171
2025-03-24,Gold,-0.008848652086759869
2025-03-25,Gold,-0.0053618581671463815
2025-03-26,Gold,-0.006282926860608553
2025-03-27,Gold,0.0
2025-03-28,Gold,0.0
2025-03-31,Gold,0.0
2025-04-01,Gold,-0.0012489260994595491
2025-04-02,Gold,0.0
2025-04-03,Gold,-0.013662824828182502
2025-04-04,Gold,-0.04073375149579777
2025-04-07,Gold,-0.06006556240052313
2025-04-08,Gold,-0.054619575570541395
2025-04-09,Gold,-0.026561325181575658
2025-04-10,Gold,0.0
2025-04-11,Gold,0.0
2025-04-14,Gold,-0.005400007016144938
2025-04-15,Gold,-0.0010862144041455567
2025-04-16,Gold,0.0
2025-04-17,Gold,-0.005380913232398001
2025-04-22,Gold,0.0
2025-04-23,Gold,-0.036609032643039746
2025-04-24,Gold,-0.020230548059369934
2025-04-25,Gold,-0.034815380141262425
2025-04-28,Gold,-0.020083523831887846
2025-04-29,Gold,-0.024111973307062325
2025-04-30,Gold,-0.02816985634340265
2025-05-01,Gold,-0.056104459564999244
2025-05-02,Gold,-0.04966482711695325
2025-05-05,Gold,-0.026317336719293635
2025-05-06,Gold,0.0
2025-05-07,Gold,-0.00879404375294405
2025-05-08,Gold,-0.033651816841710216
2025-05-09,Gold,-0.02227824417412493
2025-05-12,Gold,-0.05610597051733854
2025-05-13,Gold,-0.050155319931290805
2025-05-14,Gold,-0.06742100210590439
2025-05-15,Gold,-0.05590079047632543
2025-05-16,Gold,-0.06724509260440101
2025-05-19,Gold,-0.05349709949707631
2025-05-20,Gold,-0.03842992826069874
2025-05-21,Gold,-0.02992901929951949
2025-05-22,Gold,-0.03491231075952112
2025-05-23,Gold,-0.014011785793468505
2025-05-27,Gold,-0.03291897986229821
2025-05-28,Gold,-0.03453122121700462
2025-05-29,Gold,-0.027642553610531785
2025-05-30,Gold,-0.035909011991188206
2025-06-02,Gold,-0.011959842251114893
2025-06-03,Gold,-0.01793983494278361
2025-06-04,Gold,-0.011109779981441477
2025-06-05,Gold,-0.01779326754690121
2025-06-06,Gold,-0.026001041716315655
2025-06-09,Gold,-0.023245531734059757
2025-06-10,Gold,-0.026528698654714553
2025-06-11,Gold,-0.02641140179834187
2025-06-12,Gold,-0.008940611148826452
2025-06-13,Gold,0.0
2025-06-16,Gold,-0.01014223866966411
2025-06-17,Gold,-0.012998325411024964
2025-06-18,Gold,-0.01206572130242963
2025-06-20,Gold,-0.018390025184651274
2025-06-23,Gold,-0.015592212858865272
2025-06-24,Gold,-0.033166253919203484
2025-06-25,Gold,-0.0303391976559312
2025-06-26,Gold,-0.02847398943874053
2025-06-27,Gold,-0.045902308883575334
2025-06-30,Gold,-0.039869448232360515
2025-07-01,Gold,-0.027541385330145197
2025-07-02,Gold,-0.024248062589141535
2025-07-03,Gold,-0.029027703116400478
2025-07-04,Gold,-0.02876543266974736
2025-07-07,Gold,-0.028852879869675923
2025-07-08,Gold,-0.03619723506042146
2025-07-09,Gold,-0.034856567736537024
2025-07-10,Gold,-0.033166253919203484
2025-07-11,Gold,-0.021916516741086915
2025-07-14,Gold,-0.023228011280617637
2025-07-15,Gold,-0.02955231516283928
2025-07-16,Gold,-0.02293656804961081
2025-07-17,Gold,-0.026550435652842444
2025-07-18,Gold,-0.022790846434107396
2025-07-21,Gold,-0.00853930089912656
2025-07-22,Gold,0.0
2025-07-23,Gold,-0.013113472364483387
2025-07-24,Gold,-0.0198301791521707
2025-07-25,Gold,-0.030588495192327828
2025-07-28,Gold,-0.03782852272700652
2025-07-29,Gold,-0.033670635750232325
2025-07-30,Gold,-0.04169571539301977
2025-07-31,Gold,-0.04245173356386327
2025-08-01,Gold,-0.0266050248020102
2025-08-04,Gold,-0.018841605532718443
2025-08-05,Gold,-0.016660865794848753
2025-08-06,Gold,-0.017213291466727072
2025-08-07,Gold,-0.011310741712035447
2025-08-08,Gold,-2.9033937265257246e-05
2025-08-11,Gold,-0.025034849598171018
2025-08-12,Gold,-0.026256120641475384
2025-08-13,Gold,-0.023406606519801323
2025-08-14,Gold,-0.030239591031793012
2025-08-15,Gold,-0.03000696459556258
2025-08-18,Gold,-0.0312572695761322
2025-08-19,Gold,-0.03657828873405858
2025-08-20,Gold,-0.027855329782579822
2025-08-21,Gold,-0.029745304222066886
2025-08-22,Gold,-0.018841605532718443
2025-08-25,Gold,-0.019016022119175014
2025-08-26,Gold,-0.014712681505587827
2025-08-27,Gold,-0.010060436731465824
2025-08-28,Gold,-0.0021516348129827557
2025-08-29,Gold,0.0
2025-09-02,Gold,0.0
2025-09-03,Gold,0.0
2025-09-04,Gold,-0.007625487786955435
2025-09-05,Gold,0.0
2025-09-08,Gold,0.0
2025-09-09,Gold,0.0
2025-09-10,Gold,0.0
2025-09-11,Gold,-0.0018388942619718088
2025-09-12,Gold,0.0
2025-09-15,Gold,0.0
2025-09-16,Gold,0.0
2025-09-17,Gold,-0.0019246533393638828
2025-09-18,Gold,-0.012252962229513768
2025-09-19,Gold,-0.004716826914358651
2025-09-22,Gold,0.0
2025-09-23,Gold,0.0
2025-09-24,Gold,-0.012828651205417667
2025-09-25,Gold,-0.011559063160261661
2025-09-26,Gold,-0.0014019067585092427
2025-09-29,Gold,0.0
2025-09-30,Gold,0.0
2025-10-01,Gold,0.0
2025-10-02,Gold,-0.007188118636877828
2025-10-03,Gold,0.0
2025-10-06,Gold,0.0
2025-10-07,Gold,0.0
2025-10-08,Gold,0.0
2025-10-09,Gold,-0.023990304659213615
2025-10-10,Gold,-0.01666958812614208
2025-10-13,Gold,0.0
2025-10-14,Gold,0.0
2025-10-15,Gold,0.0
2025-10-16,Gold,0.0
2025-10-17,Gold,-0.02109721247796848
2025-10-20,Gold,0.0
2025-10-21,Gold,-0.05735171035251083
2025-10-22,Gold,-0.06733696305135027
2025-10-23,Gold,-0.04863479086183039
2025-10-24,Gold,-0.05027211625066561
2025-10-27,Gold,-0.07713771965985158
2025-10-28,Gold,-0.08537034395093226
2025-10-29,Gold,-0.08133473828860818
2025-10-30,Gold,-0.07727604950237851
2025-10-31,Gold,-0.08168064734537882
2025-11-03,Gold,-0.07750665554022561
2025-11-04,Gold,-0.08963655565110343
2025-11-05,Gold,-0.0821187762971674
2025-11-06,Gold,-0.08221105249248757
2025-11-07,Gold,-0.07771423475446931
2025-11-10,Gold,-0.05179413862057729
2025-11-11,Gold,-0.05294716880981274
2025-11-12,Gold,-0.030439996995815875
2025-11-13,Gold,-0.034475602658139946
2025-11-14,Gold,-0.057374737176114216
2025-11-17,Gold,-0.06182544496662349
2025-11-18,Gold,-0.06343968723155312
2025-11-19,Gold,-0.05965777073098173
2025-11-20,Gold,-0.0645466074732796
2025-11-21,Gold,-0.05988837676882882
2025-11-24,Gold,-0.05638317625361349
2025-11-25,Gold,-0.04547544310308349
2025-11-26,Gold,-0.03947968611905915
2025-11-28,Gold,-0.027234595589862208
2025-12-01,Gold,-0.02239186879507332
2025-12-02,Gold,-0.034544739429252305
2025-12-03,Gold,-0.03161611030895692
2025-12-04,Gold,-0.028733534835868293
2025-12-05,Gold,-0.02847984567411561
2025-12-08,Gold,-0.03440635328642317
2025-12-09,Gold,-0.029909535548404916
2025-12-10,Gold,-0.032284845298592595
2025-12-11,Gold,-0.011737824806295994
2025-12-12,Gold,-0.008370954133607599
2025-12-15,Gold,-0.0068489317636959215
2025-12-16,Gold,-0.007356310087201286
2025-12-17,Gold,0.0
2025-12-18,Gold,-0.0018401380103507763
2025-12-19,Gold,0.0
2025-12-22,Gold,0.0
2025-12-23,Gold,0.0
2025-12-24,Gold,-0.0004906993680489248
2025-12-26,Gold,0.0
2025-12-29,Gold,-0.04504206036549453
2025-12-30,Gold,-0.035106311755458974
2025-12-31,Gold,-0.04493166315871636
2026-01-02,Gold,-0.04740460371445633
2026-01-05,Gold,-0.020357288053803976
2026-01-06,Gold,-0.010355236433838167
2026-01-07,Gold,-0.01761945888765974
2026-01-08,Gold,-0.017531054874419402
2026-01-09,Gold,-0.008566887931849562
2026-01-12,Gold,0.0
2026-01-13,Gold,-0.003279458335798972
2026-01-14,Gold,0.0
2026-01-15,Gold,-0.0021615546813173914
2026-01-16,Gold,-0.00819227113326048
2026-01-20,Gold,0.0
2026-01-21,Gold,0.0
2026-01-22,Gold,0.0
2026-01-23,Gold,0.0
2026-01-26,Gold,0.0
2026-01-27,Gold,0.0
2026-01-28,Gold,0.0
2026-01-29,Gold,0.0
2026-01-30,Gold,-0.11366200569716554
2026-02-02,Gold,-0.13084760738602524
2026-02-03,Gold,-0.077974525166582
2026-02-04,Gold,-0.07483453807687657
2026-02-05,Gold,-0.085928100254102
2026-02-06,Gold,-0.06904326748152764
2026-02-09,Gold,-0.05029708275267458
2026-02-10,Gold,-0.05915314820865761
2026-02-11,Gold,-0.046404897942845275
2026-02-12,Gold,-0.07421399561498017
2026-02-13,Gold,-0.055731029592778536
2026-02-17,Gold,-0.08188553098613002
2026-02-18,Gold,-0.062405969546871796
2026-02-19,Gold,-0.06439906857118147
2026-02-20,Gold,-0.04871767870296251
2026-02-23,Gold,-0.021378555414974344
2026-02-24,Gold,-0.030573123616483643
2026-02-25,Gold,-0.02105896548897029
2026-02-26,Gold,-0.02668093880665434
2026-02-27,Gold,-0.016527509017329377
2026-03-02,Gold,-0.004512635461922205
2026-03-03,Gold,-0.03967358676939939
2026-03-04,Gold,-0.03726679277049211
2026-03-05,Gold,-0.047589519837481956
2026-03-06,Gold,-0.03239692536312843
2026-03-09,Gold,-0.04266318940096215
2026-03-10,Gold,-0.016677893475472046
2026-03-11,Gold,-0.028391998114593874
2026-03-12,Gold,-0.03809418271968732
2026-03-13,Gold,-0.049996222026585733
2026-03-16,Gold,-0.06099577096502111
2026-03-17,Gold,-0.05967958562196046
2026-03-18,Gold,-0.08056934564306938
2026-03-19,Gold,-0.13494654787334984
2026-03-20,Gold,-0.14064380522990874
2026-03-23,Gold,-0.1719125717275566
2026-03-24,Gold,-0.17281515390582317
2026-03-25,Gold,-0.14451716903001932
2026-03-26,Gold,-0.17729014734830795
2026-03-27,Gold,-0.15538506271022723
2026-03-30,Gold,-0.1489921624725041
2026-03-31,Gold,-0.12612812443680424
2026-04-01,Gold,-0.10063171571498307
2026-04-02,Gold,-0.1253948395362026
2026-04-06,Gold,-0.1243983359289495
2026-04-07,Gold,-0.12434187289979336
2026-04-08,Gold,-0.10696824473335358
2026-04-09,Gold,-0.09893947741676225
2026-04-10,Gold,-0.10463673477332114
2026-04-13,Gold,-0.10830325108613292
2026-04-14,Gold,-0.09277224567605663
2026-04-15,Gold,-0.09747290761555893
2026-04-16,Gold,-0.10021811255018898
2026-04-17,Gold,-0.08664256414498495
2026-04-20,Gold,-0.09623191450156962
2026-04-21,Gold,-0.11657641609965697
2026-04-22,Gold,-0.11016469485221514
2026-04-23,Gold,-0.11531660197594895
2026-04-24,Gold,-0.11208260164745347
2026-04-27,Gold,-0.11691598885946983
2026-04-28,Gold,-0.13276290331461116
2026-04-29,Gold,-0.14150795573632258
2026-04-30,Gold,-0.12838087782722218
2026-05-01,Gold,-0.12550997511650677
2026-05-04,Gold,-0.1463621782708015
2026-05-05,Gold,-0.13950591403744983
2026-05-06,Gold,-0.11568827653703598
2026-05-07,Gold,-0.11230736412506913
2026-05-08,Gold,-0.10841644201185086
2026-05-11,Gold,-0.10873748066828055
2026-05-12,Gold,-0.11650041856763638
2026-05-13,Gold,-0.11270393586383608
2026-05-14,Gold,-0.11640597915821838
2026-05-15,Gold,-0.13950591403744983
2026-05-18,Gold,-0.14012917724921425
2026-05-19,Gold,-0.1488554155698307
2026-05-20,Gold,-0.14413344509893128
2026-05-21,Gold,-0.14252797513882548
2026-05-22,Gold,-0.14607886004254753
2026-05-26,Gold,-0.1499697821557658
2026-05-27,Gold,-0.14956884067916626
2026-05-28,Gold,-0.13966391252784904
2026-05-29,Gold,-0.12796148351148684
2026-06-01,Gold,-0.14427213259304533
2026-06-02,Gold,-0.14161425511926418
2026-06-03,Gold,-0.15163393127406885
2026-06-04,Gold,-0.13383908943114015
2026-06-05,Gold,-0.15221465592100453
2026-06-08,Gold,-0.14183079617144978
2026-06-09,Gold,-0.14817036592681462
2026-06-10,Gold,-0.17852425608628275
2026-06-11,Gold,-0.1635206997043791
2026-06-12,Gold,-0.1322875668514374
2026-06-15,Gold,-0.10902505085006431
2026-06-16,Gold,-0.10842806833082622
2026-06-17,Gold,-0.10266390507384882
2026-06-18,Gold,-0.13041419368911375
2026-06-22,Gold,-0.13910165137688454
2026-06-23,Gold,-0.14980652599698543
2026-06-24,Gold,-0.17854496693677804
2026-06-25,Gold,-0.1702692854554492
2026-06-26,Gold,-0.16034670018641253
2026-06-29,Gold,-0.17195735178594673
2026-06-30,Gold,-0.17183386415757765
2026-07-01,Gold,-0.1624876550066267
2026-07-02,Gold,-0.15334730882913927
2026-07-06,Gold,-0.1408514866513241
2026-07-06,Gold,-0.1408514866513241
2026-07-06,Gold,-0.1408514866513241
2026-07-06,Gold,-0.1408514866513241
2026-07-06,Gold,-0.1408514866513241
2026-07-06,Gold,-0.1408514866513241
2026-07-06,Gold,-0.1408514866513241
2026-07-06,Gold,-0.13173556827023228
2026-07-06,Gold,
2026-07-06,Gold,
2026-07-06,Gold,
2026-07-06,Gold,
2026-07-06,Gold,
2026-07-06,Gold,
2026-07-06,Gold,
2026-07-06,Gold,
2024-07-08,Oil,
2024-07-09,Oil,
2024-07-10,Oil,
2024-07-11,Oil,
2024-07-12,Oil,
2024-07-15,Oil,
2024-07-16,Oil,
2024-07-17,Oil,
2024-07-18,Oil,
2024-07-19,Oil,
2024-07-22,Oil,
2024-07-23,Oil,
2024-07-24,Oil,
2024-07-25,Oil,
2024-07-26,Oil,
2024-07-29,Oil,
2024-07-30,Oil,
2024-07-31,Oil,
2024-08-01,Oil,
2024-08-02,Oil,
2024-08-05,Oil,
2024-08-06,Oil,
2024-08-07,Oil,
2024-08-08,Oil,
2024-08-09,Oil,
2024-08-12,Oil,
2024-08-13,Oil,
2024-08-14,Oil,
2024-08-15,Oil,
2024-08-16,Oil,
2024-08-19,Oil,
2024-08-20,Oil,
2024-08-21,Oil,
2024-08-22,Oil,
2024-08-23,Oil,
2024-08-26,Oil,
2024-08-27,Oil,
2024-08-28,Oil,
2024-08-29,Oil,
2024-08-30,Oil,
2024-09-03,Oil,
2024-09-04,Oil,
2024-09-05,Oil,
2024-09-06,Oil,
2024-09-09,Oil,
2024-09-10,Oil,
2024-09-11,Oil,
2024-09-12,Oil,
2024-09-13,Oil,
2024-09-16,Oil,
2024-09-17,Oil,
2024-09-18,Oil,
2024-09-19,Oil,
2024-09-20,Oil,
2024-09-23,Oil,
2024-09-24,Oil,
2024-09-25,Oil,
2024-09-26,Oil,
2024-09-27,Oil,
2024-09-30,Oil,-0.17718769554064875
2024-10-01,Oil,-0.1571514409518464
2024-10-02,Oil,-0.15389257978058468
2024-10-03,Oil,-0.11031984982478177
2024-10-04,Oil,-0.10223296773323179
2024-10-07,Oil,-0.06891972467876657
2024-10-08,Oil,-0.1120096433338567
2024-10-09,Oil,-0.11599276749960748
2024-10-10,Oil,-0.08415843089092297
2024-10-11,Oil,-0.05703232062234077
2024-10-14,Oil,-0.0778165865291152
2024-10-15,Oil,-0.11841114185147095
2024-10-16,Oil,-0.12078439250348592
2024-10-17,Oil,-0.1172870306769139
2024-10-18,Oil,-0.135398409548503
2024-10-21,Oil,-0.11866100786534757
2024-10-22,Oil,-0.09955035553017719
2024-10-23,Oil,-0.11603798649541855
2024-10-24,Oil,-0.12328248086647664
2024-10-25,Oil,-0.10342242108160155
2024-10-28,Oil,-0.1583812227310603
2024-10-29,Oil,-0.16050460736919867
2024-10-30,Oil,-0.143017702940376
2024-10-31,Oil,-0.1348987728167123
2024-11-01,Oil,-0.13202598072886926
2024-11-04,Oil,-0.10729448663302592
2024-11-05,Oil,-0.08117422762238168
2024-11-06,Oil,-0.08277892678553789
2024-11-07,Oil,-0.07420679094171478
2024-11-08,Oil,-0.09093258953797324
2024-11-11,Oil,-0.12115729107806245
2024-11-12,Oil,-0.12012394268040286
2024-11-13,Oil,-0.11611984082138091
2024-11-14,Oil,-0.11263241316118876
2024-11-15,Oil,-0.13433223678440426
2024-11-18,Oil,-0.10669070914740972
2024-11-19,Oil,-0.10046668474617576
2024-11-20,Oil,-0.10720763168914638
2024-11-21,Oil,-0.09126265194749347
2024-11-22,Oil,-0.07648433461966865
2024-11-25,Oil,-0.10630019462176143
2024-11-26,Oil,-0.10850405513102995
2024-11-27,Oil,-0.10915216794874914
2024-11-29,Oil,-0.11848586287226431
2024-12-02,Oil,-0.11718953833360334
2024-12-03,Oil,-0.0933367514287065
2024-12-04,Oil,-0.11148559167962793
2024-12-05,Oil,-0.1145967903530588
2024-12-06,Oil,-0.1288566569879973
2024-12-09,Oil,-0.11368935328567385
2024-12-10,Oil,-0.11083747886190876
2024-12-11,Oil,-0.0887995660917818
2024-12-12,Oil,-0.09229975113971128
2024-12-13,Oil,-0.07583612289872686
2024-12-16,Oil,-0.08335494368747215
2024-12-17,Oil,-0.09152187729393661
2024-12-18,Oil,-0.08504015569740915
2024-12-19,Oil,-0.09372563889998253
2024-12-20,Oil,-0.09955924767879082
2024-12-23,Oil,-0.10241122100577851
2024-12-24,Oil,-0.09126265194749347
2024-12-26,Oil,-0.09748504929435518
2024-12-27,Oil,-0.084780930350966
2024-12-30,Oil,-0.07972519541793238
2024-12-31,Oil,-0.07026183836958433
2025-01-02,Oil,-0.03586026730944694
2025-01-03,Oil,-0.024917592981801805
2025-01-06,Oil,-0.03019117945412561
2025-01-07,Oil,-0.01733718370726388
2025-01-08,Oil,-0.012525256635364057
2025-01-09,Oil,-0.004444469105113636
2025-01-10,Oil,0.0
2025-01-13,Oil,0.0
2025-01-14,Oil,-0.016747014716252246
2025-01-15,Oil,0.0
2025-01-16,Oil,-0.01699151167910256
2025-01-17,Oil,-0.02698655219143489
2025-01-21,Oil,-0.05184909393315396
2025-01-22,Oil,-0.05747124464648423
2025-01-23,Oil,-0.06771611827772807
2025-01-24,Oil,-0.06721635672013439
2025-01-27,Oil,-0.08583211729135908
2025-01-28,Oil,-0.07833588456699517
2025-01-29,Oil,-0.09270362423878822
2025-01-30,Oil,-0.09132930378534826
2025-01-31,Oil,-0.09382811157331668
2025-02-03,Oil,-0.08595698619092951
2025-02-04,Oil,-0.09170419644337152
2025-02-05,Oil,-0.1125687410441118
2025-02-06,Oil,-0.11781609441918947
2025-02-07,Oil,-0.1129435383823644
2025-02-10,Oil,-0.09645178826085551
2025-02-11,Oil,-0.08395803528032544
2025-02-12,Oil,-0.10832081546445083
2025-02-13,Oil,-0.10932033857963819
2025-02-14,Oil,-0.116191940846838
2025-02-18,Oil,-0.10232386741286796
2025-02-19,Oil,-0.0973263471567018
2025-02-20,Oil,-0.093328350015723
2025-02-21,Oil,-0.12043977110672831
2025-02-24,Oil,-0.11669170240443168
2025-02-25,Oil,-0.13880560323927083
2025-02-26,Oil,-0.14267863616090853
2025-02-27,Oil,-0.12106449688366308
2025-02-28,Oil,-0.1284357653886859
2025-03-03,Oil,-0.14580207440604107
2025-03-04,Oil,-0.14717639485948103
2025-03-05,Oil,-0.17153927036337707
2025-03-06,Oil,-0.1709145445864423
2025-03-07,Oil,-0.16241878874689103
2025-03-10,Oil,-0.17503750594676218
2025-03-11,Oil,-0.17228886503988228
2025-03-12,Oil,-0.15442279446493343
2025-03-13,Oil,-0.168540701017815
2025-03-14,Oil,-0.16066967095519846
2025-03-17,Oil,-0.1556721506990323
2025-03-18,Oil,-0.1641679065385836
2025-03-19,Oil,-0.16091950407411
2025-03-20,Oil,-0.14717639485948103
2025-03-21,Oil,-0.1469265617405695
2025-03-24,Oil,-0.13655672388998458
2025-03-25,Oil,-0.13793104434342454
2025-03-26,Oil,-0.12981008584212586
2025-03-27,Oil,-0.12643681447808183
2025-03-28,Oil,-0.13343328564485207
2025-03-31,Oil,-0.10694649501101086
2025-04-01,Oil,-0.11044482591416664
2025-04-02,Oil,-0.10407298520456051
2025-04-03,Oil,-0.16354327608141947
2025-04-04,Oil,-0.22551223176659085
2025-04-07,Oil,-0.24162918454984714
2025-04-08,Oil,-0.25562217454327296
2025-04-09,Oil,-0.22101452072790378
2025-04-10,Oil,-0.24950026227234898
2025-04-11,Oil,-0.2183528245874401
2025-04-14,Oil,-0.20993835452919876
2025-04-15,Oil,-0.19185660397540819
2025-04-16,Oil,-0.1719247189947646
2025-04-17,Oil,-0.13367268774992755
2025-04-22,Oil,-0.13862852391967329
2025-04-23,Oil,-0.15588988353822314
2025-04-24,Oil,-0.14884094113038115
2025-04-25,Oil,-0.14048007746769864
2025-04-28,Oil,-0.1537097722950378
2025-04-29,Oil,-0.17594110173993274
2025-04-30,Oil,-0.20608293335028754
2025-05-01,Oil,-0.19203488918387643
2025-05-02,Oil,-0.2049918008981916
2025-05-05,Oil,-0.22081285725717023
2025-05-06,Oil,-0.19408073651752686
2025-05-07,Oil,-0.2079923631133965
2025-05-08,Oil,-0.1828968890238381
2025-05-09,Oil,-0.15915666646866897
2025-05-12,Oil,-0.14634144931162507
2025-05-13,Oil,-0.12264023099498049
2025-05-14,Oil,-0.1298056801510109
2025-05-15,Oil,-0.15088880817124242
2025-05-16,Oil,-0.13890034530448453
2025-05-19,Oil,-0.1257844174162983
2025-05-20,Oil,-0.12759723648027332
2025-05-21,Oil,-0.14140286597554913
2025-05-22,Oil,-0.14656252204316272
2025-05-23,Oil,-0.14196068100885037
2025-05-27,Oil,-0.15088550875699383
2025-05-28,Oil,-0.13763769429501935
2025-05-29,Oil,-0.15018826656345202
2025-05-30,Oil,-0.15227999314407767
2025-06-02,Oil,-0.12815505151357465
2025-06-03,Oil,-0.11574395960155218
2025-06-04,Oil,-0.12355321047926247
2025-06-05,Oil,-0.11630177463485351
2025-06-06,Oil,-0.09942821565258986
2025-06-09,Oil,-0.0895272381942539
2025-06-10,Oil,-0.09385017171191551
2025-06-11,Oil,-0.04964436764808989
2025-06-12,Oil,-0.051178332391583814
2025-06-13,Oil,0.0
2025-06-16,Oil,-0.016579976133314724
2025-06-17,Oil,0.0
2025-06-18,Oil,0.0
2025-06-20,Oil,-0.002794770910013961
2025-06-23,Oil,-0.0882352582815078
2025-06-24,Oil,-0.14333240258916105
2025-06-25,Oil,-0.1360127935017134
2025-06-26,Oil,-0.13175408046706436
2025-06-27,Oil,-0.1280277192537124
2025-06-30,Oil,-0.13348414773448408
2025-07-01,Oil,-0.1289593095570504
2025-07-02,Oil,-0.10234232770656175
2025-07-03,Oil,-0.10833110800863054
2025-07-04,Oil,-0.1149853534712527
2025-07-07,Oil,-0.09595420738672421
2025-07-08,Oil,-0.0906307907094809
2025-07-09,Oil,-0.08996542708465541
2025-07-10,Oil,-0.11405376316791471
2025-07-11,Oil,-0.08903383678131743
2025-07-14,Oil,-0.10859723315141516
2025-07-15,Oil,-0.11471922832846808
2025-07-16,Oil,-0.11658240893514406
2025-07-17,Oil,-0.10114451072471126
2025-07-18,Oil,-0.10380626983119685
2025-07-21,Oil,-0.10566945043787283
2025-07-22,Oil,-0.1188448280238609
2025-07-23,Oil,-0.1316209671278081
2025-07-24,Oil,-0.12124036045183399
2025-07-25,Oil,-0.1328186825739307
2025-07-28,Oil,-0.11219058256123873
2025-07-29,Oil,-0.07891935524812793
2025-07-30,Oil,-0.06840563523289758
2025-07-31,Oil,-0.07825389008757457
2025-08-01,Oil,-0.10393928163472523
2025-08-04,Oil,-0.11778012438126666
2025-08-05,Oil,-0.1328186825739307
2025-08-06,Oil,-0.14359862926767356
2025-08-07,Oil,-0.1498535854803909
2025-08-08,Oil,-0.1498535854803909
2025-08-11,Oil,-0.14878893260566062
2025-08-12,Oil,-0.15930265262089097
2025-08-13,Oil,-0.16622302322629776
2025-08-14,Oil,-0.14878893260566062
2025-08-15,Oil,-0.16422678004822946
2025-08-18,Oil,-0.15597552988957988
2025-08-19,Oil,-0.1702156111181623
2025-08-20,Oil,-0.15877030079959387
2025-08-21,Oil,-0.1546446503363371
2025-08-22,Oil,-0.1527814697296611
2025-08-25,Oil,-0.1376097474298769
2025-08-26,Oil,-0.15823794897829674
2025-08-27,Oil,-0.14626028683843129
2025-08-28,Oil,-0.14027150653636247
2025-08-29,Oil,-0.14812346744510724
2025-09-02,Oil,-0.12709612895037442
2025-09-03,Oil,-0.14865581926640437
2025-09-04,Oil,-0.15517700215763422
2025-09-05,Oil,-0.1766036806701358
2025-09-08,Oil,-0.17141337733214876
2025-09-09,Oil,-0.16648919913694632
2025-09-10,Oil,-0.15264840715826883
2025-09-11,Oil,-0.16994943520751365
2025-09-12,Oil,-0.16335248403330552
2025-09-15,Oil,-0.09571429661342076
2025-09-16,Oil,-0.07828576224190849
2025-09-17,Oil,-0.08499995640345982
2025-09-18,Oil,-0.09185714721679687
2025-09-19,Oil,-0.10457142421177455
2025-09-22,Oil,-0.10514286586216517
2025-09-23,Oil,-0.09414285932268415
2025-09-24,Oil,-0.0715714590890067
2025-09-25,Oil,-0.07171423775809152
2025-09-26,Oil,-0.06114283970424107
2025-09-29,Oil,-0.09357141767229353
2025-09-30,Oil,-0.10900001525878907
2025-10-01,Oil,-0.11742858886718739
2025-10-02,Oil,-0.13600000653948102
2025-10-03,Oil,-0.13028569902692522
2025-10-06,Oil,-0.11871430533272889
2025-10-07,Oil,-0.11814286368233817
2025-10-08,Oil,-0.10642858232770647
2025-10-09,Oil,-0.12128573826381138
2025-10-10,Oil,-0.15857140677315848
2025-10-13,Oil,-0.15014283316476004
2025-10-14,Oil,-0.16142856052943638
2025-10-15,Oil,-0.16757142203194755
2025-10-16,Oil,-0.17914287022181918
2025-10-17,Oil,-0.17799998692103794
2025-10-20,Oil,-0.17828570774623326
2025-10-21,Oil,-0.17400000435965401
2025-10-22,Oil,-0.16428571428571428
2025-10-23,Oil,-0.10785447574792244
2025-10-24,Oil,-0.08658846981295802
2025-10-27,Oil,-0.07512444521734567
2025-10-28,Oil,-0.08475349347786616
2025-10-29,Oil,-0.07973222125893831
2025-10-30,Oil,-0.07836277282746842
2025-10-31,Oil,-0.07212418731625952
2025-11-03,Oil,-0.0710590672078599
2025-11-04,Oil,-0.07851490796665728
2025-11-05,Oil,-0.09312237725056698
2025-11-06,Oil,-0.09570908092962523
2025-11-07,Oil,-0.09083994384988621
2025-11-10,Oil,-0.08505782180093642
2025-11-11,Oil,-0.07121120234704875
2025-11-12,Oil,-0.110012163845772
2025-11-13,Oil,-0.10696899670445464
2025-11-14,Oil,-0.08566647844707694
2025-11-17,Oil,-0.0884053753100167
2025-11-18,Oil,-0.07577601110371751
2025-11-19,Oil,-0.09555694579043648
2025-11-20,Oil,-0.10012175454710513
2025-11-21,Oil,-0.11655507768005115
2025-11-24,Oil,-0.10468656330377388
2025-11-25,Oil,-0.11822885443459129
2025-11-26,Oil,-0.1075775953059025
2025-11-28,Oil,-0.10909923692125378
2025-12-01,Oil,-0.09738285768416537
2025-12-02,Oil,-0.1077297884897839
2025-12-03,Oil,-0.10301278654923374
2025-12-04,Oil,-0.09205725714216724
2025-12-05,Oil,-0.08581861358626579
2025-12-08,Oil,-0.10407790665763336
2025-12-09,Oil,-0.11366404567792254
2025-12-10,Oil,-0.11046868535272367
2025-12-11,Oil,-0.12355451302128208
2025-12-12,Oil,-0.12598908156115157
2025-12-15,Oil,-0.13542302739755924
2025-12-16,Oil,-0.15900792101092495
2025-12-17,Oil,-0.14881318338918792
2025-12-18,Oil,-0.14561776501929638
2025-12-19,Oil,-0.13785759593742875
2025-12-22,Oil,-0.08573683807713528
2025-12-23,Oil,-0.06666663820636165
2025-12-24,Oil,-0.06714629598989638
2025-12-26,Oil,-0.09288565354851926
2025-12-29,Oil,-0.07146278913713254
2025-12-30,Oil,-0.0735411435688015
2025-12-31,Oil,-0.08201440656574358
2026-01-02,Oil,-0.08361310321387791
2026-01-05,Oil,-0.05615797328514266
2026-01-06,Oil,-0.07541673051247824
2026-01-07,Oil,-0.09386630767314089
2026-01-08,Oil,-0.0652209505467321
2026-01-09,Oil,-0.043210907008930426
2026-01-12,Oil,-0.037061027376548955
2026-01-13,Oil,-0.010357653020969785
2026-01-14,Oil,0.0
2026-01-15,Oil,-0.045630470979792365
2026-01-16,Oil,-0.04159951325398176
2026-01-20,Oil,-0.027088040838049988
2026-01-21,Oil,-0.022573387867552877
2026-01-22,Oil,-0.04288938774232354
2026-01-23,Oil,-0.015317651659587046
2026-01-26,Oil,-0.022412115114301603
2026-01-27,Oil,0.0
2026-01-28,Oil,0.0
2026-01-29,Oil,0.0
2026-01-30,Oil,-0.003210013609757975
2026-02-02,Oil,-0.05013755535159708
2026-02-03,Oil,-0.03378170507992671
2026-02-04,Oil,-0.0042800181463439665
2026-02-05,Oil,-0.03255880943190048
2026-02-06,Oil,-0.02858451519756307
2026-02-09,Oil,-0.016202959160230117
2026-02-10,Oil,-0.022317320778613436
2026-02-11,Oil,-0.012075832125326395
2026-02-12,Oil,-0.03943745167486323
2026-02-13,Oil,-0.0386731710502838
2026-02-17,Oil,-0.047233207342971734
2026-02-18,Oil,-0.003515679210890605
2026-02-19,Oil,0.0
2026-02-20,Oil,-0.0006021513675083808
2026-02-23,Oil,-0.0018064541025251423
2026-02-24,Oil,-0.012042797652907456
2026-02-25,Oil,-0.015204006195853895
2026-02-26,Oil,-0.018365214738800335
2026-02-27,Oil,0.0
2026-03-02,Oil,0.0
2026-03-03,Oil,0.0
2026-03-04,Oil,0.0
2026-03-05,Oil,0.0
2026-03-06,Oil,0.0
2026-03-09,Oil,0.0
2026-03-10,Oil,-0.11944708342091533
2026-03-11,Oil,-0.07934997266475673
2026-03-12,Oil,0.0
2026-03-13,Oil,0.0
2026-03-16,Oil,-0.05278086447973843
2026-03-17,Oil,-0.02532671485348293
2026-03-18,Oil,-0.024212333216649687
2026-03-19,Oil,-0.026035859777740453
2026-03-20,Oil,-0.0039509613338633435
2026-03-23,Oil,-0.10718267580977973
2026-03-24,Oil,-0.06443116877054057
2026-03-25,Oil,-0.08499644886500872
2026-03-26,Oil,-0.04285275824913316
2026-03-27,Oil,0.0
2026-03-30,Oil,0.0
2026-03-31,Oil,-0.014580093701841209
2026-04-01,Oil,-0.026827319017489713
2026-04-02,Oil,0.0
2026-04-06,Oil,0.0
2026-04-07,Oil,0.0
2026-04-08,Oil,-0.16414337128869977
2026-04-09,Oil,-0.1335103551049263
2026-04-10,Oil,-0.14501989992017347
2026-04-13,Oil,-0.12279765818447312
2026-04-14,Oil,-0.1918547919826444
2026-04-15,Oil,-0.19176623831729944
2026-04-16,Oil,-0.16166440903228496
2026-04-17,Oil,-0.2576361156296072
2026-04-20,Oil,-0.20664007940244455
2026-04-21,Oil,-0.18432935154805474
2026-04-22,Oil,-0.17698095089749927
2026-04-23,Oil,-0.15139441289190073
2026-04-24,Oil,-0.16423192495404473
2026-04-27,Oil,-0.1467905679471396
2026-04-28,Oil,-0.11527221774988322
2026-04-29,Oil,-0.053740591932957216
2026-04-30,Oil,-0.06976536048096472
2026-05-01,Oil,-0.09747671362825398
2026-05-04,Oil,-0.05781318243230372
2026-05-05,Oil,-0.0945551181384251
2026-05-06,Oil,-0.15821155909704193
2026-05-07,Oil,-0.16060203523476715
2026-05-08,Oil,-0.15520140994186798
2026-05-11,Oil,-0.13173968707796016
2026-05-12,Oil,-0.09535189848656327
2026-05-13,Oil,-0.10562196217360285
2026-05-14,Oil,-0.10429392738005029
2026-05-15,Oil,-0.06666665766044592
2026-05-18,Oil,-0.037981349287673355
2026-05-19,Oil,-0.04586100438364297
2026-05-20,Oil,-0.13005750516968326
2026-05-21,Oil,-0.14696767527782964
2026-05-22,Oil,-0.14475430647079407
2026-05-26,Oil,-0.1687472162334608
2026-05-27,Oil,-0.21487381406648304
2026-05-28,Oil,-0.21292603870882687
2026-05-29,Oil,-0.22656039866576452
2026-06-01,Oil,-0.18406369055201974
2026-06-02,Oil,-0.1698981436963232
2026-06-03,Oil,-0.1498893383143139
2026-06-04,Oil,-0.1762726566680506
2026-06-05,Oil,-0.1984063447384061
2026-06-08,Oil,-0.1916776846519546
2026-06-09,Oil,-0.2191235118965197
2026-06-10,Oil,-0.20292163601782215
2026-06-11,Oil,-0.22346169584524583
2026-06-12,Oil,-0.2485170469520856
2026-06-15,Oil,-0.28508187532751694
2026-06-16,Oil,-0.3266931818811231
2026-06-17,Oil,-0.3201416291253614
2026-06-18,Oil,-0.32182381103363816
2026-06-22,Oil,-0.33758298613226645
2026-06-23,Oil,-0.3518370866533078
2026-06-24,Oil,-0.37724658487487195
2026-06-25,Oil,-0.3632580778032099
2026-06-26,Oil,-0.38707388023518674
2026-06-29,Oil,-0.373616627608939
2026-06-30,Oil,-0.38468347164411676
2026-07-01,Oil,-0.39282865264281025
2026-07-02,Oil,-0.3678446518830828
2026-07-06,Oil,-0.3684888603541398
2026-07-06,Oil,-0.3684888603541398
2026-07-06,Oil,-0.3684888603541398
2026-07-06,Oil,-0.3684888603541398
2026-07-06,Oil,
2026-07-06,Oil,
2026-07-06,Oil,
2026-07-06,Oil,
2026-07-06,Oil,
2026-07-06,Oil,
2026-07-06,Oil,
2026-07-06,Oil,
2026-07-06,Oil,
2026-07-06,Oil,
2026-07-06,Oil,
2026-07-06,Oil,
2024-07-08,Bitcoin,
2024-07-09,Bitcoin,
2024-07-10,Bitcoin,
2024-07-11,Bitcoin,
2024-07-12,Bitcoin,
2024-07-15,Bitcoin,
2024-07-16,Bitcoin,
2024-07-17,Bitcoin,
2024-07-18,Bitcoin,
2024-07-19,Bitcoin,
2024-07-22,Bitcoin,
2024-07-23,Bitcoin,
2024-07-24,Bitcoin,
2024-07-25,Bitcoin,
2024-07-26,Bitcoin,
2024-07-29,Bitcoin,
2024-07-30,Bitcoin,
2024-07-31,Bitcoin,
2024-08-01,Bitcoin,
2024-08-02,Bitcoin,
2024-08-05,Bitcoin,
2024-08-06,Bitcoin,
2024-08-07,Bitcoin,
2024-08-08,Bitcoin,
2024-08-09,Bitcoin,
2024-08-12,Bitcoin,
2024-08-13,Bitcoin,
2024-08-14,Bitcoin,
2024-08-15,Bitcoin,
2024-08-16,Bitcoin,
2024-08-19,Bitcoin,
2024-08-20,Bitcoin,
2024-08-21,Bitcoin,
2024-08-22,Bitcoin,
2024-08-23,Bitcoin,
2024-08-26,Bitcoin,
2024-08-27,Bitcoin,
2024-08-28,Bitcoin,
2024-08-29,Bitcoin,
2024-08-30,Bitcoin,
2024-09-03,Bitcoin,
2024-09-04,Bitcoin,
2024-09-05,Bitcoin,
2024-09-06,Bitcoin,
2024-09-09,Bitcoin,
2024-09-10,Bitcoin,
2024-09-11,Bitcoin,
2024-09-12,Bitcoin,
2024-09-13,Bitcoin,
2024-09-16,Bitcoin,
2024-09-17,Bitcoin,
2024-09-18,Bitcoin,
2024-09-19,Bitcoin,
2024-09-20,Bitcoin,
2024-09-23,Bitcoin,
2024-09-24,Bitcoin,
2024-09-25,Bitcoin,
2024-09-26,Bitcoin,
2024-09-27,Bitcoin,
2024-09-30,Bitcoin,-0.06747788730463015
2024-10-01,Bitcoin,-0.10417964684108953
2024-10-02,Bitcoin,-0.10718681005675539
2024-10-03,Bitcoin,-0.10532238151727463
2024-10-04,Bitcoin,-0.08606108727002659
2024-10-07,Bitcoin,-0.08356987160786053
2024-10-08,Bitcoin,-0.08511144467155596
2024-10-09,Bitcoin,-0.10793312215337297
2024-10-10,Bitcoin,-0.11246253196919177
2024-10-11,Bitcoin,-0.08050076017423267
2024-10-14,Bitcoin,-0.02747578900287412
2024-10-15,Bitcoin,-0.012824719099055488
2024-10-16,Bitcoin,-0.0044078141493641134
2024-10-17,Bitcoin,-0.007542497512868204
2024-10-18,Bitcoin,0.0
2024-10-21,Bitcoin,-0.015360363935116965
2024-10-22,Bitcoin,-0.015454567772810032
2024-10-23,Bitcoin,-0.029035792319932217
2024-10-24,Bitcoin,-0.0037670116430234065
2024-10-25,Bitcoin,-0.025963262787029102
2024-10-28,Bitcoin,0.0
2024-10-29,Bitcoin,0.0
2024-10-30,Bitcoin,-0.005238593875544237
2024-10-31,Bitcoin,-0.034451151417408024
2024-11-01,Bitcoin,-0.04452697362321466
2024-11-04,Bitcoin,-0.06750482879492681
2024-11-05,Bitcoin,-0.04621709213455673
2024-11-06,Bitcoin,0.0
2024-11-07,Bitcoin,0.0
2024-11-08,Bitcoin,0.0
2024-11-11,Bitcoin,0.0
2024-11-12,Bitcoin,-0.008406532091927012
2024-11-13,Bitcoin,0.0
2024-11-14,Bitcoin,-0.0368026178692761
2024-11-15,Bitcoin,0.0
2024-11-18,Bitcoin,-0.005747119041141947
2024-11-19,Bitcoin,0.0
2024-11-20,Bitcoin,0.0
2024-11-21,Bitcoin,0.0
2024-11-22,Bitcoin,0.0
2024-11-25,Bitcoin,-0.05955056862531715
2024-11-26,Bitcoin,-0.07083342638845408
2024-11-27,Bitcoin,-0.030658630597423346
2024-11-29,Bitcoin,-0.015516938096945312
2024-12-02,Bitcoin,-0.03164074026052224
2024-12-03,Bitcoin,-0.030258289711854784
2024-12-04,Bitcoin,-0.0023145274655707233
2024-12-05,Bitcoin,-0.02428434824969434
2024-12-06,Bitcoin,0.0
2024-12-09,Bitcoin,-0.02489966458561558
2024-12-10,Bitcoin,-0.03247856444926528
2024-12-11,Bitcoin,0.0
2024-12-12,Bitcoin,-0.011169293200355703
2024-12-13,Bitcoin,0.0
2024-12-16,Bitcoin,0.0
2024-12-17,Bitcoin,0.0
2024-12-18,Bitcoin,-0.05746210601989681
2024-12-19,Bitcoin,-0.0814923630558729
2024-12-20,Bitcoin,-0.07899589555334069
2024-12-23,Bitcoin,-0.10791684997427867
2024-12-24,Bitcoin,-0.0703266017208748
2024-12-26,Bitcoin,-0.09746586871762153
2024-12-27,Bitcoin,-0.11282904007707348
2024-12-30,Bitcoin,-0.12716519810802254
2024-12-31,Bitcoin,-0.11975999994700426
2025-01-02,Bitcoin,-0.08718366418011134
2025-01-03,Bitcoin,-0.07568425048231646
2025-01-06,Bitcoin,-0.03827485020054104
2025-01-07,Bitcoin,-0.08684611074181747
2025-01-08,Bitcoin,-0.10455073705669153
2025-01-09,Bitcoin,-0.12866483041325566
2025-01-10,Bitcoin,-0.1077735406536598
2025-01-13,Bitcoin,-0.10951584929689002
2025-01-14,Bitcoin,-0.09050782213480542
2025-01-15,Bitcoin,-0.053100409193377565
2025-01-16,Bitcoin,-0.06014376420074287
2025-01-17,Bitcoin,-0.01581451843394342
2025-01-21,Bitcoin,0.0
2025-01-22,Bitcoin,-0.02348829982684565
2025-01-23,Bitcoin,-0.02059510748803133
2025-01-24,Bitcoin,-0.012499556552345739
2025-01-27,Bitcoin,-0.038235712778991134
2025-01-28,Bitcoin,-0.045350526786372754
2025-01-29,Bitcoin,-0.023015926873310576
2025-01-30,Bitcoin,-0.01329261024108685
2025-01-31,Bitcoin,-0.03524610277593079
2025-02-03,Bitcoin,-0.04466331172449101
2025-02-04,Bitcoin,-0.07795323993528387
2025-02-05,Bitcoin,-0.08978950183863334
2025-02-06,Bitcoin,-0.08999816144026498
2025-02-07,Bitcoin,-0.09060309028182073
2025-02-10,Bitcoin,-0.08204444015267259
2025-02-11,Bitcoin,-0.09796704458956325
2025-02-12,Bitcoin,-0.07782097845234487
2025-02-13,Bitcoin,-0.08971015966912402
2025-02-14,Bitcoin,-0.08137165093979254
2025-02-18,Bitcoin,-0.0999255007940841
2025-02-19,Bitcoin,-0.08959953695968756
2025-02-20,Bitcoin,-0.07359965118885924
2025-02-21,Bitcoin,-0.09440481670266014
2025-02-24,Bitcoin,-0.13875282058468555
2025-02-25,Bitcoin,-0.1640198423136942
2025-02-26,Bitcoin,-0.20536984564783176
2025-02-27,Bitcoin,-0.20200464836183443
2025-02-28,Bitcoin,-0.20512504782242547
2025-03-03,Bitcoin,-0.18917852297264934
2025-03-04,Bitcoin,-0.1782829589064971
2025-03-05,Bitcoin,-0.14623880579877913
2025-03-06,Bitcoin,-0.15247393742213905
2025-03-07,Bitcoin,-0.18280053128341037
2025-03-10,Bitcoin,-0.26015296404828187
2025-03-11,Bitcoin,-0.2193582086981687
2025-03-12,Bitcoin,-0.21125478242654852
2025-03-13,Bitcoin,-0.2362736206717117
2025-03-14,Bitcoin,-0.20893023350297446
2025-03-17,Bitcoin,-0.20792609137067794
2025-03-18,Bitcoin,-0.2207121040674859
2025-03-19,Bitcoin,-0.18174957874312878
2025-03-20,Bitcoin,-0.20706399969028585
2025-03-21,Bitcoin,-0.20823175744671893
2025-03-24,Bitcoin,-0.17567600190833374
2025-03-25,Bitcoin,-0.1759323551331955
2025-03-26,Bitcoin,-0.1813100319561996
2025-03-27,Bitcoin,-0.1787077854393429
2025-03-28,Bitcoin,-0.20531214225182498
2025-03-31,Bitcoin,-0.22230976684442355
2025-04-01,Bitcoin,-0.1976244159555189
2025-04-02,Bitcoin,-0.22290520112209553
2025-04-03,Bitcoin,-0.2170913631706014
2025-04-04,Bitcoin,-0.21011065067791923
2025-04-07,Bitcoin,-0.25352686247646783
2025-04-08,Bitcoin,-0.28144478116207866
2025-04-09,Bitcoin,-0.22207387477273768
2025-04-10,Bitcoin,-0.24984510612640784
2025-04-11,Bitcoin,-0.21424615886009885
2025-04-14,Bitcoin,-0.20352929867851863
2025-04-15,Bitcoin,-0.21175755270476573
2025-04-16,Bitcoin,-0.19829917416057696
2025-04-17,Bitcoin,-0.1900766302543644
2025-04-22,Bitcoin,-0.10854464528079301
2025-04-23,Bitcoin,-0.10537225575873226
2025-04-24,Bitcoin,-0.10303600915373047
2025-04-25,Bitcoin,-0.09562014181732983
2025-04-28,Bitcoin,-0.09315440210548631
2025-04-29,Bitcoin,-0.07929527382956907
2025-04-30,Bitcoin,-0.07098347644441472
2025-05-01,Bitcoin,-0.018728036416725404
2025-05-02,Bitcoin,-0.014479916331022542
2025-05-05,Bitcoin,-0.036466380820965295
2025-05-06,Bitcoin,-0.015574083337199835
2025-05-07,Bitcoin,-0.013236703630422609
2025-05-08,Bitcoin,0.0
2025-05-09,Bitcoin,-0.0026211308184007653
2025-05-12,Bitcoin,-0.004150539992449436
2025-05-13,Bitcoin,0.0
2025-05-14,Bitcoin,-0.00605164224040434
2025-05-15,Bitcoin,-0.004081526737892516
2025-05-16,Bitcoin,-0.0065328277086032
2025-05-19,Bitcoin,0.0
2025-05-20,Bitcoin,0.0
2025-05-21,Bitcoin,0.0
2025-05-22,Bitcoin,0.0
2025-05-23,Bitcoin,-0.03927066820202348
2025-05-27,Bitcoin,-0.02398640565600825
2025-05-28,Bitcoin,-0.03466319858851644
2025-05-29,Bitcoin,-0.0540104434112345
2025-05-30,Bitcoin,-0.06872468375240832
2025-06-02,Bitcoin,-0.05186334578129001
2025-06-03,Bitcoin,-0.055884562808079935
2025-06-04,Bitcoin,-0.062157185651782756
2025-06-05,Bitcoin,-0.09041847800993132
2025-06-06,Bitcoin,-0.06521647271826715
2025-06-09,Bitcoin,-0.0123501313121844
2025-06-10,Bitcoin,-0.012680265674561255
2025-06-11,Bitcoin,-0.02674459115528138
2025-06-12,Bitcoin,-0.05143778796685084
2025-06-13,Bitcoin,-0.049987897172135795
2025-06-16,Bitcoin,-0.04366777247802952
2025-06-17,Bitcoin,-0.06332906119833387
2025-06-18,Bitcoin,-0.06080194876516176
2025-06-20,Bitcoin,-0.07489418770436639
2025-06-23,Bitcoin,-0.05458340387486375
2025-06-24,Bitcoin,-0.05039386659465601
2025-06-25,Bitcoin,-0.03861284802625964
2025-06-26,Bitcoin,-0.04220598873107796
2025-06-27,Bitcoin,-0.041055940249807965
2025-06-30,Bitcoin,-0.040635909160231645
2025-07-01,Bitcoin,-0.053504293355757376
2025-07-02,Bitcoin,-0.02519815757182294
2025-07-03,Bitcoin,-0.01813598261670134
2025-07-04,Bitcoin,-0.03258563974988422
2025-07-07,Bitcoin,-0.030208028722179238
2025-07-08,Bitcoin,-0.02438370021925007
2025-07-09,Bitcoin,-0.0031048300776959576
2025-07-10,Bitcoin,0.0
2025-07-11,Bitcoin,0.0
2025-07-14,Bitcoin,0.0
2025-07-15,Bitcoin,-0.017292622100518865
2025-07-16,Bitcoin,-0.009271573341663212
2025-07-17,Bitcoin,-0.004671345530293736
2025-07-18,Bitcoin,-0.015406601054106699
2025-07-21,Bitcoin,-0.020109887631396667
2025-07-22,Bitcoin,0.0
2025-07-23,Bitcoin,-0.010337504434577025
2025-07-24,Bitcoin,-0.013562302153083584
2025-07-25,Bitcoin,-0.01966351188030428
2025-07-28,Bitcoin,-0.017258472052284812
2025-07-29,Bitcoin,-0.01727787383541285
2025-07-30,Bitcoin,-0.01803591061715705
2025-07-31,Bitcoin,-0.03531144061299738
2025-08-01,Bitcoin,-0.055629860333855204
2025-08-04,Bitcoin,-0.0410309951298269
2025-08-05,Bitcoin,-0.04878493728894457
2025-08-06,Bitcoin,-0.04139669920979402
2025-08-07,Bitcoin,-0.020821759269055398
2025-08-08,Bitcoin,-0.027556782280677
2025-08-11,Bitcoin,-0.010533475465501188
2025-08-12,Bitcoin,0.0
2025-08-13,Bitcoin,0.0
2025-08-14,Bitcoin,-0.04041122267235198
2025-08-15,Bitcoin,-0.048204273614710885
2025-08-18,Bitcoin,-0.05749567394052713
2025-08-19,Bitcoin,-0.0852321757482246
2025-08-20,Bitcoin,-0.07352863306654911
2025-08-21,Bitcoin,-0.08857362915219369
2025-08-22,Bitcoin,-0.05245470622065817
2025-08-25,Bitcoin,-0.10717752171897209
2025-08-26,Bitcoin,-0.0935708295646578
2025-08-27,Bitcoin,-0.09827793697001021
2025-08-28,Bitcoin,-0.08755393323047066
2025-08-29,Bitcoin,-0.12106968312722795
2025-09-02,Bitcoin,-0.09845205611336176
2025-09-03,Bitcoin,-0.09421492471516414
2025-09-04,Bitcoin,-0.10231916057978065
2025-09-05,Bitcoin,-0.10290789737041457
2025-09-08,Bitcoin,-0.09139177503984028
2025-09-09,Bitcoin,-0.09577692987856631
2025-09-10,Bitcoin,-0.0761179981809015
2025-09-11,Bitcoin,-0.06353385220711374
2025-09-12,Bitcoin,-0.05871773823729862
2025-09-15,Bitcoin,-0.06404189500406637
2025-09-16,Bitcoin,-0.0527052122999435
2025-09-17,Bitcoin,-0.05574289145454407
2025-09-18,Bitcoin,-0.05032150919303473
2025-09-19,Bitcoin,-0.06206381539443782
2025-09-22,Bitcoin,-0.08590242994063861
2025-09-23,Bitcoin,-0.09185332694875362
2025-09-24,Bitcoin,-0.08119912288035754
2025-09-25,Bitcoin,-0.11589348646190407
2025-09-26,Bitcoin,-0.11051390799617938
2025-09-29,Bitcoin,-0.07251001390926295
2025-09-30,Bitcoin,-0.07530136736415667
2025-10-01,Bitcoin,-0.03806533299890297
2025-10-02,Bitcoin,-0.021588430229464835
2025-10-03,Bitcoin,-0.00873597989364101
2025-10-06,Bitcoin,0.0
2025-10-07,Bitcoin,-0.026461574802715677
2025-10-08,Bitcoin,-0.011203492614503563
2025-10-09,Bitcoin,-0.02442391574720052
2025-10-10,Bitcoin,-0.09248841644245194
2025-10-13,Bitcoin,-0.0760020901379506
2025-10-14,Bitcoin,-0.09325556019529664
2025-10-15,Bitcoin,-0.11197662321981944
2025-10-16,Bitcoin,-0.13279483808069026
2025-10-17,Bitcoin,-0.14656810570727397
2025-10-20,Bitcoin,-0.11353358060620514
2025-10-21,Bitcoin,-0.13046340993582045
2025-10-22,Bitcoin,-0.13678235737200722
2025-10-23,Bitcoin,-0.1176954450573523
2025-10-24,Bitcoin,-0.10996658133940669
2025-10-27,Bitcoin,-0.08523436773953234
2025-10-28,Bitcoin,-0.09455813897563702
2025-10-29,Bitcoin,-0.1178110489241075
2025-10-30,Bitcoin,-0.13183687906132166
2025-10-31,Bitcoin,-0.12181209499506648
2025-11-03,Bitcoin,-0.14592896536918964
2025-11-04,Bitcoin,-0.1856636300716343
2025-11-05,Bitcoin,-0.16721660958282158
2025-11-06,Bitcoin,-0.18798209505268054
2025-11-07,Bitcoin,-0.17138029012938366
2025-11-10,Bitcoin,-0.1503451458024023
2025-11-11,Bitcoin,-0.17438574016909977
2025-11-12,Bitcoin,-0.18508116443529077
2025-11-13,Bitcoin,-0.20083792137484185
2025-11-14,Bitcoin,-0.24331964957624858
2025-11-17,Bitcoin,-0.2617875238503427
2025-11-18,Bitcoin,-0.254933955498398
2025-11-19,Bitcoin,-0.26682055048482234
2025-11-20,Bitcoin,-0.30557001473667494
2025-11-21,Bitcoin,-0.3179241603564657
2025-11-24,Bitcoin,-0.29243469759255886
2025-11-25,Bitcoin,-0.2998788100742445
2025-11-26,Bitcoin,-0.2744165887415611
2025-11-28,Bitcoin,-0.27120303921688965
2025-12-01,Bitcoin,-0.3080575644632461
2025-12-02,Bitcoin,-0.26774870048979466
2025-12-03,Bitcoin,-0.2502933307214959
2025-12-04,Bitcoin,-0.2614047660856581
2025-12-05,Bitcoin,-0.28347940585373893
2025-12-08,Bitcoin,-0.27343996777620494
2025-12-09,Bitcoin,-0.25699534904226645
2025-12-10,Bitcoin,-0.2623721187020003
2025-12-11,Bitcoin,-0.25844121148844423
2025-12-12,Bitcoin,-0.276404148613217
2025-12-15,Bitcoin,-0.3072703184128779
2025-12-16,Bitcoin,-0.295854092138912
2025-12-17,Bitcoin,-0.30948288624404163
2025-12-18,Bitcoin,-0.3149436972846994
2025-12-19,Bitcoin,-0.29377478813681385
2025-12-22,Bitcoin,-0.2906755899993011
2025-12-23,Bitcoin,-0.29930079074046845
2025-12-24,Bitcoin,-0.2977139617157067
2025-12-26,Bitcoin,-0.3002031396657533
2025-12-29,Bitcoin,-0.3015120434680559
2025-12-30,Bitcoin,-0.2911556028046525
2025-12-31,Bitcoin,-0.29059282280296117
2026-01-02,Bitcoin,-0.2708459960823141
2026-01-05,Bitcoin,-0.22860932007088058
2026-01-06,Bitcoin,-0.18688162915974288
2026-01-07,Bitcoin,-0.20788409223963783
2026-01-08,Bitcoin,-0.20235137644436602
2026-01-09,Bitcoin,-0.20685563918360125
2026-01-12,Bitcoin,-0.20089792250080338
2026-01-13,Bitcoin,-0.16471834512038316
2026-01-14,Bitcoin,-0.15063180166265108
2026-01-15,Bitcoin,-0.16270811377947728
2026-01-16,Bitcoin,-0.1629365616062244
2026-01-20,Bitcoin,-0.22615294270512076
2026-01-21,Bitcoin,-0.2168113639820818
2026-01-22,Bitcoin,-0.21606221667369285
2026-01-23,Bitcoin,-0.20762292396476537
2026-01-26,Bitcoin,-0.19797468304110455
2026-01-27,Bitcoin,-0.18669505203131756
2026-01-28,Bitcoin,-0.18594657748676138
2026-01-29,Bitcoin,-0.20634864885336157
2026-01-30,Bitcoin,-0.20630792675825962
2026-02-02,Bitcoin,-0.25762929881885943
2026-02-03,Bitcoin,-0.28645304344980427
2026-02-04,Bitcoin,-0.3111127391770549
2026-02-05,Bitcoin,-0.4084517677602258
2026-02-06,Bitcoin,-0.3149793729760956
2026-02-09,Bitcoin,-0.31026379386343755
2026-02-10,Bitcoin,-0.30997300505693826
2026-02-11,Bitcoin,-0.3088575971185192
2026-02-12,Bitcoin,-0.316802818806292
2026-02-13,Bitcoin,-0.2896077473971452
2026-02-17,Bitcoin,-0.30367598686994407
2026-02-18,Bitcoin,-0.31470359283995086
2026-02-19,Bitcoin,-0.30921296234353735
2026-02-20,Bitcoin,-0.2984020090668507
2026-02-23,Bitcoin,-0.3333623627523726
2026-02-24,Bitcoin,-0.33889933822596585
2026-02-25,Bitcoin,-0.29886932763674307
2026-02-26,Bitcoin,-0.3040932528644823
2026-02-27,Bitcoin,-0.32031101267885737
2026-03-02,Bitcoin,-0.29045364398062573
2026-03-03,Bitcoin,-0.29542843473103875
2026-03-04,Bitcoin,-0.24985987696899659
2026-03-05,Bitcoin,-0.26914664147219375
2026-03-06,Bitcoin,-0.2970497835326866
2026-03-09,Bitcoin,-0.29430664448340826
2026-03-10,Bitcoin,-0.27857828762805115
2026-03-11,Bitcoin,-0.2757106216400899
2026-03-12,Bitcoin,-0.27273342030606385
2026-03-13,Bitcoin,-0.2678349577180668
2026-03-16,Bitcoin,-0.22767352889355438
2026-03-17,Bitcoin,-0.2373569693254283
2026-03-18,Bitcoin,-0.2649739815268115
2026-03-19,Bitcoin,-0.2787240929562566
2026-03-20,Bitcoin,-0.27243294365401854
2026-03-23,Bitcoin,-0.2683859390467636
2026-03-24,Bitcoin,-0.27248170663000765
2026-03-25,Bitcoin,-0.2643105632534787
2026-03-26,Bitcoin,-0.29029091266075463
2026-03-27,Bitcoin,-0.3156005897982696
2026-03-30,Bitcoin,-0.31195803579186315
2026-03-31,Bitcoin,-0.2960509082245328
2026-04-01,Bitcoin,-0.29764751283836466
2026-04-02,Bitcoin,-0.30992433759325616
2026-04-06,Bitcoin,-0.2895872750072258
2026-04-07,Bitcoin,-0.2578025194580394
2026-04-08,Bitcoin,-0.26623488730594147
2026-04-09,Bitcoin,-0.25958603537983616
2026-04-10,Bitcoin,-0.2470901399328151
2026-04-13,Bitcoin,-0.22047394099628537
2026-04-14,Bitcoin,-0.22343346379367665
2026-04-15,Bitcoin,-0.16422525700702903
2026-04-16,Bitcoin,-0.16034771888367963
2026-04-17,Bitcoin,-0.1382845156145474
2026-04-20,Bitcoin,-0.15229901009872476
2026-04-21,Bitcoin,-0.14387911305776074
2026-04-22,Bitcoin,-0.12313193539556529
2026-04-23,Bitcoin,-0.12239356145633726
2026-04-24,Bitcoin,-0.08403666225882153
2026-04-27,Bitcoin,-0.08037726443538672
2026-04-28,Bitcoin,-0.02971318372361366
2026-04-29,Bitcoin,-0.03184941426926745
2026-04-30,Bitcoin,-0.02510104880746736
2026-05-01,Bitcoin,-0.001149282332374367
2026-05-04,Bitcoin,0.0
2026-05-05,Bitcoin,0.0
2026-05-06,Bitcoin,0.0
2026-05-07,Bitcoin,-0.017408596831308208
2026-05-08,Bitcoin,-0.015237667235551857
2026-05-11,Bitcoin,0.0
2026-05-12,Bitcoin,-0.015304426194186491
2026-05-13,Bitcoin,-0.029991811664067544
2026-05-14,Bitcoin,-0.008284118241635633
2026-05-15,Bitcoin,-0.03257888992318488
2026-05-18,Bitcoin,-0.05841459057077653
2026-05-19,Bitcoin,-0.060901680511129576
2026-05-20,Bitcoin,-0.05225269093801852
2026-05-21,Bitcoin,-0.05125672698657958
2026-05-22,Bitcoin,-0.0763512140359893
2026-05-26,Bitcoin,-0.07222177294392568
2026-05-27,Bitcoin,-0.09034317405748583
2026-05-28,Bitcoin,-0.10023140700006175
2026-05-29,Bitcoin,-0.1022384383009939
2026-06-01,Bitcoin,-0.1273551980829773
2026-06-02,Bitcoin,-0.1838364581116814
2026-06-03,Bitcoin,-0.21674169614219066
2026-06-04,Bitcoin,-0.2193453594618296
2026-06-05,Bitcoin,-0.2545706897339527
2026-06-08,Bitcoin,-0.2280447255588305
2026-06-09,Bitcoin,-0.2457473897408926
2026-06-10,Bitcoin,-0.2481271308457081
2026-06-11,Bitcoin,-0.22228827569092788
2026-06-12,Bitcoin,-0.22250674921151659
2026-06-15,Bitcoin,-0.18890393493226698
2026-06-16,Bitcoin,-0.1973325869578143
2026-06-17,Bitcoin,-0.21179753187533923
2026-06-18,Bitcoin,-0.23041987828955354
2026-06-22,Bitcoin,-0.21750350962822507
2026-06-23,Bitcoin,-0.23321515402311507
2026-06-24,Bitcoin,-0.25368403423615327
2026-06-25,Bitcoin,-0.2692656269028609
2026-06-26,Bitcoin,-0.2656591170706443
2026-06-29,Bitcoin,-0.2641669873748975
2026-06-30,Bitcoin,-0.2834934580300466
2026-07-01,Bitcoin,-0.2658141658785178
2026-07-02,Bitcoin,-0.24768650354614405
2026-07-06,Bitcoin,-0.21993984068018058
2026-07-06,Bitcoin,-0.21993984068018058
2026-07-06,Bitcoin,
2026-07-06,Bitcoin,
2026-07-06,Bitcoin,
2026-07-06,Bitcoin,
2026-07-06,Bitcoin,
2026-07-06,Bitcoin,
2026-07-06,Bitcoin,
2026-07-06,Bitcoin,
2026-07-06,Bitcoin,
2026-07-06,Bitcoin,
2026-07-06,Bitcoin,
2026-07-06,Bitcoin,
2026-07-06,Bitcoin,
2026-07-06,Bitcoin,
2024-07-08,EURUSD,
2024-07-09,EURUSD,
2024-07-10,EURUSD,
2024-07-11,EURUSD,
2024-07-12,EURUSD,
2024-07-15,EURUSD,
2024-07-16,EURUSD,
2024-07-17,EURUSD,
2024-07-18,EURUSD,
2024-07-19,EURUSD,
2024-07-22,EURUSD,
2024-07-23,EURUSD,
2024-07-24,EURUSD,
2024-07-25,EURUSD,
2024-07-26,EURUSD,
2024-07-29,EURUSD,
2024-07-30,EURUSD,
2024-07-31,EURUSD,
2024-08-01,EURUSD,
2024-08-02,EURUSD,
2024-08-05,EURUSD,
2024-08-06,EURUSD,
2024-08-07,EURUSD,
2024-08-08,EURUSD,
2024-08-09,EURUSD,
2024-08-12,EURUSD,
2024-08-13,EURUSD,
2024-08-14,EURUSD,
2024-08-15,EURUSD,
2024-08-16,EURUSD,
2024-08-19,EURUSD,
2024-08-20,EURUSD,
2024-08-21,EURUSD,
2024-08-22,EURUSD,
2024-08-23,EURUSD,
2024-08-26,EURUSD,
2024-08-27,EURUSD,
2024-08-28,EURUSD,
2024-08-29,EURUSD,
2024-08-30,EURUSD,
2024-09-03,EURUSD,
2024-09-04,EURUSD,
2024-09-05,EURUSD,
2024-09-06,EURUSD,
2024-09-09,EURUSD,
2024-09-10,EURUSD,
2024-09-11,EURUSD,
2024-09-12,EURUSD,
2024-09-13,EURUSD,
2024-09-16,EURUSD,
2024-09-17,EURUSD,
2024-09-18,EURUSD,
2024-09-19,EURUSD,
2024-09-20,EURUSD,
2024-09-23,EURUSD,
2024-09-24,EURUSD,
2024-09-25,EURUSD,
2024-09-26,EURUSD,
2024-09-27,EURUSD,
2024-09-30,EURUSD,-0.001910021793059988
2024-10-01,EURUSD,-0.004877793650538339
2024-10-02,EURUSD,-0.011373742510399878
2024-10-03,EURUSD,-0.012749989321304936
2024-10-04,EURUSD,-0.013904886219434032
2024-10-07,EURUSD,-0.019359063112527032
2024-10-08,EURUSD,-0.019251477255018214
2024-10-09,EURUSD,-0.019251477255018214
2024-10-10,EURUSD,-0.022149265044790336
2024-10-11,EURUSD,-0.022993973807210844
2024-10-14,EURUSD,-0.023751761718416708
2024-10-15,EURUSD,-0.02520022953069877
2024-10-16,EURUSD,-0.027438867532090145
2024-10-17,EURUSD,-0.029372110827068077
2024-10-18,EURUSD,-0.0323153829348165
2024-10-21,EURUSD,-0.02882363599507491
2024-10-22,EURUSD,-0.03336216137218198
2024-10-23,EURUSD,-0.035199109998656775
2024-10-24,EURUSD,-0.036696896872351295
2024-10-25,EURUSD,-0.032797175839284196
2024-10-28,EURUSD,-0.03526163762079309
2024-10-29,EURUSD,-0.03345632562766495
2024-10-30,EURUSD,-0.03311119871842874
2024-10-31,EURUSD,-0.029667279550985828
2024-11-01,EURUSD,-0.027258954152553323
2024-11-04,EURUSD,-0.02829550660742272
2024-11-05,EURUSD,-0.028337795305869256
2024-11-06,EURUSD,-0.02294050044040963
2024-11-07,EURUSD,-0.04093588617884966
2024-11-08,EURUSD,-0.03538658634441471
2024-11-11,EURUSD,-0.0425595804620248
2024-11-12,EURUSD,-0.04707264740354315
2024-11-13,EURUSD,-0.051331875633731296
2024-11-14,EURUSD,-0.056032099359054593
2024-11-15,EURUSD,-0.05907379654832613
2024-11-18,EURUSD,-0.05874667162910873
2024-11-19,EURUSD,-0.053281736150264845
2024-11-20,EURUSD,-0.05214697165517433
2024-11-21,EURUSD,-0.057634915594633955
2024-11-22,EURUSD,-0.06450155631997141
2024-11-25,EURUSD,-0.06356044636839678
2024-11-26,EURUSD,-0.06673912911485261
2024-11-27,EURUSD,-0.06254850018390791
2024-11-29,EURUSD,-0.0561318026883893
2024-12-02,EURUSD,-0.057734299362015865
2024-12-03,EURUSD,-0.06165266150900776
2024-12-04,EURUSD,-0.060794637665212196
2024-12-05,EURUSD,-0.060498403734784455
2024-12-06,EURUSD,-0.054113555913914695
2024-12-09,EURUSD,-0.0559124766679831
2024-12-10,EURUSD,-0.05682919339047882
2024-12-11,EURUSD,-0.05881612309355996
2024-12-12,EURUSD,-0.06114988403629349
2024-12-13,EURUSD,-0.06408026714527125
2024-12-16,EURUSD,-0.06086376956771044
2024-12-17,EURUSD,-0.06021186318359761
2024-12-18,EURUSD,-0.06220422543987969
2024-12-19,EURUSD,-0.07398354838014705
2024-12-20,EURUSD,-0.07266860905250777
2024-12-23,EURUSD,-0.06595798043099621
2024-12-24,EURUSD,-0.06561926016523767
2024-12-26,EURUSD,-0.060046916973850874
2024-12-27,EURUSD,-0.05659788203823913
2024-12-30,EURUSD,-0.054931484445704226
2024-12-31,EURUSD,-0.051895483941179876
2025-01-02,EURUSD,-0.056841981331623645
2025-01-03,EURUSD,-0.06446379927015188
2025-01-06,EURUSD,-0.05829736804809911
2025-01-07,EURUSD,-0.05012467172214652
2025-01-08,EURUSD,-0.053858881705936085
2025-01-09,EURUSD,-0.05667927211468992
2025-01-10,EURUSD,-0.058243187863185227
2025-01-13,EURUSD,-0.06310577205380132
2025-01-14,EURUSD,-0.061201490674995425
2025-01-15,EURUSD,-0.057398706065496304
2025-01-16,EURUSD,-0.05845654325668836
2025-01-17,EURUSD,-0.05784547683840231
2025-01-21,EURUSD,-0.046986919253868824
2025-01-22,EURUSD,-0.04833562624059818
2025-01-23,EURUSD,-0.04794925346871478
2025-01-24,EURUSD,-0.047413739062537985
2025-01-27,EURUSD,-0.04269735292132811
2025-01-28,EURUSD,-0.04475709919085212
2025-01-29,EURUSD,-0.0462215871831515
2025-01-30,EURUSD,-0.04656958432983675
2025-01-31,EURUSD,-0.04912723253197687
2025-02-03,EURUSD,-0.06279843998722702
2025-02-04,EURUSD,-0.043333623759848415
2025-02-05,EURUSD,-0.03912619385450868
2025-02-06,EURUSD,-0.029309632024180746
2025-02-07,EURUSD,-0.026130512835990403
2025-02-10,EURUSD,-0.028738523830403366
2025-02-11,EURUSD,-0.028854602950697455
2025-02-12,EURUSD,-0.022875485359399428
2025-02-13,EURUSD,-0.02032668476225186
2025-02-14,EURUSD,-0.013757117508810387
2025-02-18,EURUSD,-0.011523433175966248
2025-02-19,EURUSD,-0.01296644838573123
2025-02-20,EURUSD,-0.015548138756088088
2025-02-21,EURUSD,-0.008032914102854078
2025-02-24,EURUSD,-0.010464376558093777
2025-02-25,EURUSD,-0.011737710168459307
2025-02-26,EURUSD,-0.005809338252790787
2025-02-27,EURUSD,-0.009146222325377222
2025-02-28,EURUSD,-0.017994015883842966
2025-03-03,EURUSD,-0.016224727447259474
2025-03-04,EURUSD,-0.009499494416623
2025-03-05,EURUSD,0.0
2025-03-06,EURUSD,0.0
2025-03-07,EURUSD,-0.0006472344668421264
2025-03-10,EURUSD,0.0
2025-03-11,EURUSD,-0.0019510399289788536
2025-03-12,EURUSD,0.0
2025-03-13,EURUSD,-0.00255825206133601
2025-03-14,EURUSD,-0.00536269574363741
2025-03-17,EURUSD,-0.0030140451555190502
2025-03-18,EURUSD,0.0
2025-03-19,EURUSD,0.0
2025-03-20,EURUSD,-0.0025206220578349327
2025-03-21,EURUSD,-0.0075670968102596325
2025-03-24,EURUSD,-0.009481291919331144
2025-03-25,EURUSD,-0.01242406995192064
2025-03-26,EURUSD,-0.013894205794826312
2025-03-27,EURUSD,-0.018046677548570547
2025-03-28,EURUSD,-0.01265879477629384
2025-03-31,EURUSD,-0.010564142699180741
2025-04-01,EURUSD,-0.011024438733606177
2025-04-02,EURUSD,-0.013117129321936212
2025-04-03,EURUSD,-0.0028144094888981367
2025-04-04,EURUSD,0.0
2025-04-07,EURUSD,-0.005360440510336389
2025-04-08,EURUSD,-0.011624902149832408
2025-04-09,EURUSD,-0.005731763815925739
2025-04-10,EURUSD,-0.00830166650763091
2025-04-11,EURUSD,0.0
2025-04-14,EURUSD,0.0
2025-04-15,EURUSD,-0.0003062430815494639
2025-04-16,EURUSD,-0.004449352554413058
2025-04-17,EURUSD,0.0
2025-04-22,EURUSD,0.0
2025-04-23,EURUSD,-0.014030166234555328
2025-04-24,EURUSD,-0.01610748984817065
2025-04-25,EURUSD,-0.012236142262394075
2025-04-28,EURUSD,-0.014734687711329263
2025-04-29,EURUSD,-0.009001804689126985
2025-04-30,EURUSD,-0.010728627832595176
2025-05-01,EURUSD,-0.016319239762927075
2025-05-02,EURUSD,-0.01878610038354174
2025-05-05,EURUSD,-0.016463995939371805
2025-05-06,EURUSD,-0.017320728846312947
2025-05-07,EURUSD,-0.014768236353080402
2025-05-08,EURUSD,-0.01794293189656788
2025-05-09,EURUSD,-0.025063631108247282
2025-05-12,EURUSD,-0.024592914671825426
2025-05-13,EURUSD,-0.03623812453152292
2025-05-14,EURUSD,-0.028422533545794257
2025-05-15,EURUSD,-0.02873751801556885
2025-05-16,EURUSD,-0.027802608489732303
2025-05-19,EURUSD,-0.028248577625603163
2025-05-20,EURUSD,-0.02426426223689316
2025-05-21,EURUSD,-0.019528208764500014
2025-05-22,EURUSD,-0.015773038882565153
2025-05-23,EURUSD,-0.02005908495665443
2025-05-27,EURUSD,-0.010796242842050406
2025-05-28,EURUSD,-0.015259661827620244
2025-05-29,EURUSD,-0.0242423106564879
2025-05-30,EURUSD,-0.011674202513062485
2025-06-02,EURUSD,-0.013851033054834738
2025-06-03,EURUSD,-0.005153961861614131
2025-06-04,EURUSD,-0.011145397224719482
2025-06-05,EURUSD,-0.00788123863656249
2025-06-06,EURUSD,-0.005119895493910234
2025-06-09,EURUSD,-0.009114876037251004
2025-06-10,EURUSD,-0.007359681511560976
2025-06-11,EURUSD,-0.006542192231853421
2025-06-12,EURUSD,-0.0002992456008049189
2025-06-13,EURUSD,0.0
2025-06-16,EURUSD,-0.003755935027842465
2025-06-17,EURUSD,-0.004216216649493219
2025-06-18,EURUSD,-0.010139143987169443
2025-06-20,EURUSD,-0.007540849608555093
2025-06-23,EURUSD,-0.008568082269867668
2025-06-24,EURUSD,-0.00010430583745820959
2025-06-25,EURUSD,0.0
2025-06-26,EURUSD,0.0
2025-06-27,EURUSD,0.0
2025-06-30,EURUSD,0.0
2025-07-01,EURUSD,0.0
2025-07-02,EURUSD,0.0
2025-07-03,EURUSD,-0.00044844072685971124
2025-07-04,EURUSD,-0.0028840161224589537
2025-07-07,EURUSD,-0.0020969981028362136
2025-07-08,EURUSD,-0.005844775084911913
2025-07-09,EURUSD,-0.006858891324464096
2025-07-10,EURUSD,-0.006299577389297444
2025-07-11,EURUSD,-0.008706879107004158
2025-07-14,EURUSD,-0.010455505107236189
2025-07-15,EURUSD,-0.011794566687710362
2025-07-16,EURUSD,-0.016784264971215563
2025-07-17,EURUSD,-0.01438181016971881
2025-07-18,EURUSD,-0.01609903219200574
2025-07-21,EURUSD,-0.014806016315527595
2025-07-22,EURUSD,-0.00940241158316036
2025-07-23,EURUSD,-0.0056230286682974655
2025-07-24,EURUSD,-0.0026491426411088775
2025-07-25,EURUSD,-0.00418511019262049
2025-07-28,EURUSD,-0.004126644265835582
2025-07-29,EURUSD,-0.017685084544355544
2025-07-30,EURUSD,-0.021565646835104896
2025-07-31,EURUSD,-0.03186504084940591
2025-08-01,EURUSD,-0.032340644502526654
2025-08-04,EURUSD,-0.018538646684446772
2025-08-05,EURUSD,-0.018754738365482526
2025-08-06,EURUSD,-0.019175107369291608
2025-08-07,EURUSD,-0.012059733395373862
2025-08-08,EURUSD,-0.010917678763357799
2025-08-11,EURUSD,-0.013348508220167749
2025-08-12,EURUSD,-0.015847598413604325
2025-08-13,EURUSD,-0.010883043507939638
2025-08-14,EURUSD,-0.007847662231334424
2025-08-15,EURUSD,-0.013061126479874594
2025-08-18,EURUSD,-0.008381832788661125
2025-08-19,EURUSD,-0.011621693342881758
2025-08-20,EURUSD,-0.01380805646334257
2025-08-21,EURUSD,-0.013026693179298336
2025-08-22,EURUSD,-0.016304723198673883
2025-08-25,EURUSD,-0.008126460890838965
2025-08-26,EURUSD,-0.015847598413604325
2025-08-27,EURUSD,-0.014072011441953533
2025-08-28,EURUSD,-0.013348508220167749
2025-08-29,EURUSD,-0.010501752766074306
2025-09-02,EURUSD,-0.007591886423828086
2025-09-03,EURUSD,-0.014358787317720608
2025-09-04,EURUSD,-0.012290062892776923
2025-09-05,EURUSD,-0.012589460946174403
2025-09-08,EURUSD,-0.007824336447073088
2025-09-09,EURUSD,-0.0030835475064433693
2025-09-10,EURUSD,-0.008706879107004158
2025-09-11,EURUSD,-0.00864881708990343
2025-09-12,EURUSD,-0.005996443171320932
2025-09-15,EURUSD,-0.006695812789477022
2025-09-16,EURUSD,-0.003540874246355018
2025-09-17,EURUSD,0.0
2025-09-18,EURUSD,-0.0037962700855624348
2025-09-19,EURUSD,-0.006768015011157851
2025-09-22,EURUSD,-0.01132614995954714
2025-09-23,EURUSD,-0.005924109342620178
2025-09-24,EURUSD,-0.004796625662665465
2025-09-25,EURUSD,-0.01067584854243011
2025-09-26,EURUSD,-0.017575711262154115
2025-09-29,EURUSD,-0.01374539976516447
2025-09-30,EURUSD,-0.011790077159528397
2025-10-01,EURUSD,-0.011418935399543242
2025-10-02,EURUSD,-0.011569761948108638
2025-10-03,EURUSD,-0.012322990936649937
2025-10-06,EURUSD,-0.013387312233750222
2025-10-07,EURUSD,-0.013572180193742827
2025-10-08,EURUSD,-0.018262765353555203
2025-10-09,EURUSD,-0.02016978731347892
2025-10-10,EURUSD,-0.025689014736115297
2025-10-13,EURUSD,-0.02265942953623648
2025-10-14,EURUSD,-0.025655174158973792
2025-10-15,EURUSD,-0.022670776673378884
2025-10-16,EURUSD,-0.018960162410669976
2025-10-17,EURUSD,-0.01447231946227825
2025-10-20,EURUSD,-0.01802236671356482
2025-10-21,EURUSD,-0.019120126919235196
2025-10-22,EURUSD,-0.022829536176229674
2025-10-23,EURUSD,-0.022148908781971188
2025-10-24,EURUSD,-0.021342257873431837
2025-10-27,EURUSD,-0.020192582004906583
2025-10-28,EURUSD,-0.01850296315925988
2025-10-29,EURUSD,-0.01798802405070905
2025-10-30,EURUSD,-0.022579999576239844
2025-10-31,EURUSD,-0.02518160691327845
2025-11-03,EURUSD,-0.028923752158842863
2025-11-04,EURUSD,-0.029673265713098782
2025-11-05,EURUSD,-0.03250402497012841
2025-11-06,EURUSD,-0.03155849715302338
2025-11-07,EURUSD,-0.027140544536057236
2025-11-10,EURUSD,-0.027589810833182123
2025-11-11,EURUSD,-0.026465942170369933
2025-11-12,EURUSD,-0.023916451330471912
2025-11-13,EURUSD,-0.023520506536202038
2025-11-14,EURUSD,-0.02016978731347892
2025-11-17,EURUSD,-0.021569702701994542
2025-11-18,EURUSD,-0.023656370930482316
2025-11-19,EURUSD,-0.024447858850450657
2025-11-20,EURUSD,-0.027859129610314205
2025-11-21,EURUSD,-0.028374972473150715
2025-11-24,EURUSD,-0.030644701153059926
2025-11-25,EURUSD,-0.029595040758816197
2025-11-26,EURUSD,-0.02582427662753846
2025-11-28,EURUSD,-0.022874824307656437
2025-12-01,EURUSD,-0.0227388594962333
2025-12-02,EURUSD,-0.022216991604825605
2025-12-03,EURUSD,-0.020511607267750965
2025-12-04,EURUSD,-0.017231882965025012
2025-12-05,EURUSD,-0.01925709590208686
2025-12-08,EURUSD,-0.01947399693064961
2025-12-09,EURUSD,-0.019371370610653717
2025-12-10,EURUSD,-0.02047736502203805
2025-12-11,EURUSD,-0.010577931656521837
2025-12-12,EURUSD,-0.006351019686617054
2025-12-15,EURUSD,-0.0065026740816885595
2025-12-16,EURUSD,-0.005066245626440429
2025-12-17,EURUSD,-0.0054988087612851
2025-12-18,EURUSD,-0.001045080757715495
2025-12-19,EURUSD,-0.002462354274365087
2025-12-22,EURUSD,-0.003957311620263594
2025-12-23,EURUSD,0.0
2025-12-24,EURUSD,0.0
2025-12-26,EURUSD,-0.0008604524763223974
2025-12-29,EURUSD,-0.0019308133145573179
2025-12-30,EURUSD,-0.001918988914776801
2025-12-31,EURUSD,-0.004088109363368252
2026-01-02,EURUSD,-0.003818977939308287
2026-01-05,EURUSD,-0.007701726786833561
2026-01-06,EURUSD,-0.006829854163714778
2026-01-07,EURUSD,-0.009093468747302874
2026-01-08,EURUSD,-0.010065495047193503
2026-01-09,EURUSD,-0.01166957088747881
2026-01-12,EURUSD,-0.014564628631985857
2026-01-13,EURUSD,-0.010896942371918001
2026-01-14,EURUSD,-0.01296985061033105
2026-01-15,EURUSD,-0.01264796417186635
2026-01-16,EURUSD,-0.01581154696095745
2026-01-20,EURUSD,-0.013257072355422646
2026-01-21,EURUSD,-0.005735036019951502
2026-01-22,EURUSD,-0.010388998497593973
2026-01-23,EURUSD,-0.0034676820962619335
2026-01-26,EURUSD,0.0
2026-01-27,EURUSD,0.0
2026-01-28,EURUSD,0.0
2026-01-29,EURUSD,-0.003317882352264315
2026-01-30,EURUSD,-0.004319655070379518
2026-02-02,EURUSD,-0.014017675996408735
2026-02-03,EURUSD,-0.018217205632424703
2026-02-04,EURUSD,-0.016767169629512725
2026-02-05,EURUSD,-0.017973879711290275
2026-02-06,EURUSD,-0.019951733580633676
2026-02-09,EURUSD,-0.01596487853691784
2026-02-10,EURUSD,-0.009451818342965356
2026-02-11,EURUSD,-0.010653072686600876
2026-02-12,EURUSD,-0.011781021748655519
2026-02-13,EURUSD,-0.012414482544564205
2026-02-17,EURUSD,-0.013959250000669752
2026-02-18,EURUSD,-0.013795577856408742
2026-02-19,EURUSD,-0.019038938991852997
2026-02-20,EURUSD,-0.020678437901151744
2026-02-23,EURUSD,-0.015219525511477747
2026-02-24,EURUSD,-0.018622517378757874
2026-02-25,EURUSD,-0.020171054253943183
2026-02-26,EURUSD,-0.016848410530209464
2026-02-27,EURUSD,-0.017858019672201398
2026-03-02,EURUSD,-0.02148449841282658
2026-03-03,EURUSD,-0.026658125295291643
2026-03-04,EURUSD,-0.033733622494067875
2026-03-05,EURUSD,-0.031788602248815585
2026-03-06,EURUSD,-0.03408130180657345
2026-03-09,EURUSD,-0.041138051105188714
2026-03-10,EURUSD,-0.03331829202860135
2026-03-11,EURUSD,-0.03381218512331308
2026-03-12,EURUSD,-0.03947782039095026
2026-03-13,EURUSD,-0.04127067513965946
2026-03-16,EURUSD,-0.04847343983000317
2026-03-17,EURUSD,-0.043111837969735146
2026-03-18,EURUSD,-0.03978820229361216
2026-03-19,EURUSD,-0.046029864313808504
2026-03-20,EURUSD,-0.03661990636167834
2026-03-23,EURUSD,-0.038067660874094376
2026-03-24,EURUSD,-0.034159765240579704
2026-03-25,EURUSD,-0.03353156179233496
2026-03-26,EURUSD,-0.03795636381599719
2026-03-27,EURUSD,-0.04015363755388905
2026-03-30,EURUSD,-0.043738652684634824
2026-03-31,EURUSD,-0.046401648069377945
2026-04-01,EURUSD,-0.03689864498311647
2026-04-02,EURUSD,-0.035536793547627454
2026-04-06,EURUSD,-0.042241697333701415
2026-04-07,EURUSD,-0.039644170806662625
2026-04-08,EURUSD,-0.02754532751242445
2026-04-09,EURUSD,-0.029813029869967936
2026-04-10,EURUSD,-0.02715886286149101
2026-04-13,EURUSD,-0.028499089734889998
2026-04-14,EURUSD,-0.020701451196587208
2026-04-15,EURUSD,-0.01815937480811921
2026-04-16,EURUSD,-0.01734775936306322
2026-04-17,EURUSD,-0.019547512981929093
2026-04-20,EURUSD,-0.023001094421071476
2026-04-21,EURUSD,-0.01940893723312141
2026-04-22,EURUSD,-0.022748642537953834
2026-04-23,EURUSD,-0.02592894109380011
2026-04-24,EURUSD,-0.02453620890233279
2026-04-27,EURUSD,-0.021668664823858787
2026-04-28,EURUSD,-0.015170174899587857
2026-04-29,EURUSD,-0.01564334471878391
2026-04-30,EURUSD,-0.018426784956784823
2026-05-01,EURUSD,-0.014696604513349096
2026-05-04,EURUSD,-0.014904598950274009
2026-05-05,EURUSD,-0.017818523902436288
2026-05-06,EURUSD,-0.015816389681232754
2026-05-07,EURUSD,-0.011958911276358484
2026-05-08,EURUSD,-0.012165687999925134
2026-05-11,EURUSD,-0.008391140317017607
2026-05-12,EURUSD,-0.006066754415133935
2026-05-13,EURUSD,-0.009822517560254651
2026-05-14,EURUSD,-0.01002891002235261
2026-05-15,EURUSD,-0.01458918123927829
2026-05-18,EURUSD,-0.018617909346365338
2026-05-19,EURUSD,-0.013543359393208424
2026-05-20,EURUSD,-0.017608021891828682
2026-05-21,EURUSD,-0.016066242920438716
2026-05-22,EURUSD,-0.01592086768708724
2026-05-26,EURUSD,-0.01454668388947434
2026-05-27,EURUSD,-0.014592513570229225
2026-05-28,EURUSD,-0.01619534103944946
2026-05-29,EURUSD,-0.01323761054139206
2026-06-01,EURUSD,-0.013570935664415477
2026-06-02,EURUSD,-0.01470718871854963
2026-06-03,EURUSD,-0.01584081716541626
2026-06-04,EURUSD,-0.016914887216588025
2026-06-05,EURUSD,-0.016640817649958953
2026-06-08,EURUSD,-0.024266513120411917
2026-06-09,EURUSD,-0.02377157275754583
2026-06-10,EURUSD,-0.02318598249750378
2026-06-11,EURUSD,-0.023163471442860045
2026-06-12,EURUSD,-0.019748554548020606
2026-06-15,EURUSD,-0.017451013724273483
2026-06-16,EURUSD,-0.01820286276009353
2026-06-17,EURUSD,-0.01686915848226652
2026-06-18,EURUSD,-0.025557718949785792
2026-06-22,EURUSD,-0.029333115558227714
2026-06-23,EURUSD,-0.032350101612680024
2026-06-24,EURUSD,-0.036380287018975284
2026-06-25,EURUSD,-0.03852479304971711
2026-06-26,EURUSD,-0.03789125323381917
2026-06-29,EURUSD,-0.03586465263726613
2026-06-30,EURUSD,-0.03278124382964944
2026-07-01,EURUSD,-0.03352077740059722
2026-07-02,EURUSD,-0.03651192116810385
2026-07-06,EURUSD,-0.030899400418564475
2026-07-06,EURUSD,
2026-07-06,EURUSD,
2026-07-06,EURUSD,
2026-07-06,EURUSD,
2026-07-06,EURUSD,
2026-07-06,EURUSD,
2026-07-06,EURUSD,
2026-07-06,EURUSD,
2026-07-06,EURUSD,
2026-07-06,EURUSD,
2026-07-06,EURUSD,
2026-07-06,EURUSD,
2026-07-06,EURUSD,
2026-07-06,EURUSD,
2026-07-06,EURUSD,
