Date,Gold,Oil,Bitcoin,EURUSD,US10Y_Yield,CPI_Inflation,DXY_Index
2024-07-08,,,,,4.28,,
2024-07-09,0.002080564956676856,-0.011174518990454962,0.02299844211812685,0.00045487934906107697,4.3,0.0,0.0010475250748862575
2024-07-10,0.005126839123324123,0.008475553138107328,-0.004598069730556098,-0.0014924617474129098,4.28,0.0,-0.0006659027111424187
2024-07-11,0.01804234453633713,0.006333791499701924,-0.006885432015347748,0.00171162134456182,4.2,0.0,-0.00580676432775562
2024-07-12,-0.00041407867494824835,-0.004962522978448347,0.009670444019596935,0.0036424246238953017,4.18,0.0,-0.0033512647963789277
2024-07-15,0.003686786389291541,-0.003649135454374952,0.12039295214232815,0.0011756735673209562,4.23,0.0,0.0009607657511196965
2024-07-16,0.016302778320222977,-0.014039817781266728,0.003499237870556282,0.0014717265118409095,4.17,0.0,0.0007677723369394762
2024-07-17,-0.0030863603870319167,0.025879102062987824,-0.01502916014346345,8.71524876568941e-05,4.16,0.0,-0.0049870208095089685
2024-07-18,-0.001222095462085404,-0.0003620854538246565,-0.0022571629283560934,0.0034571483304479678,4.2,0.0,0.004048175122364661
2024-07-19,-0.02296274072391602,-0.03248010687416558,0.042768734230136385,-0.00353208229081603,4.25,0.0,0.002207961610602549
2024-07-22,-0.001461072844917588,-0.004367883266165551,0.013117848903254625,-0.0002180452451537862,4.26,0.0,-0.0008621069537324555
2024-07-23,0.005267599354619623,-0.035347201528862615,-0.02452573786440093,-0.0008603399994553396,4.25,0.0,0.0013421473772903258
2024-07-24,0.0036180449216294264,0.00818603509501692,-0.008426492953570563,-0.00359155869312322,4.28,0.0,-0.0005744141727787033
2024-07-25,-0.02544240054782676,0.00889293045460926,0.00619673448871394,-0.001029748560296806,4.27,0.0,-0.0002873721570291199
2024-07-26,0.011947828914082192,-0.014307551541297592,0.032455548053117234,0.0010851384423080646,4.2,0.0,-0.000383297386866599
2024-07-29,-0.0011344332654936728,-0.017496190246794496,-0.016081803398328542,0.00022795394253760648,4.17,0.0,0.0023005930259933915
2024-07-30,0.011651853196036122,-0.014246065643590433,-0.009262185475442442,-0.003159325678096292,4.15,0.0,-9.558633386885784e-05
2024-07-31,0.008939708939708968,0.04255319366154864,-0.023893373992326827,-0.0003136835438768415,4.09,0.0,-0.004304204347214902
2024-08-01,0.0035029878425716365,-0.02053659386867379,0.011424614182306447,0.0007252143928824228,3.99,0.001572221743858515,0.003073964452591005
2024-08-02,-0.0038193219006673607,-0.03656140747986625,-0.06032105869640059,-0.0033549348611567886,3.8,0.0,-0.011587809861047571
2024-08-05,-0.00989405140087729,-0.007888931285946366,-0.1208760294403024,0.011423649815007986,3.78,0.0,-0.005038239004738543
2024-08-06,-0.005246222996955541,0.0035644981921243435,0.03783671505322772,0.0036794715598380545,3.9,0.0,0.0027266410813131525
2024-08-07,0.0005859538263479624,0.02773232914376722,-0.017968550940289485,-0.002261616420014323,3.96,0.0,0.0022336187706371025
2024-08-08,0.01326080366947302,0.012760853936399252,0.12144256099404904,0.00017478447067276193,3.99,0.0,9.691992757976386e-05
2024-08-09,0.004087254018639186,0.008531222938130911,-0.013450358103773374,-0.0011351369276647594,3.94,0.0,-0.0006782259029662896
2024-08-12,0.012458288504120008,0.0419052755617495,-0.025059047594115702,-0.00017473410383794796,3.9,0.0,0.0
2024-08-13,0.0017462837064086134,-0.021358969980247,0.021144992390795814,0.002055996775592428,3.85,0.0,-0.005623442257969291
2024-08-14,-0.011067438021862053,-0.017485579372921167,-0.0308911115194338,0.005553525057191644,3.83,0.0,9.752473155755226e-05
2024-08-15,0.005616215405820579,0.01532866008987388,-0.020041310813293967,0.001475781796328235,3.92,0.0,0.00399730587237257
2024-08-16,0.018547958986048663,-0.01931937135978523,0.023175912946963972,-0.0036758995319077226,3.89,0.0,-0.0050495655031062014
2024-08-19,0.001280697609383985,-0.029745580351059675,0.010176700222877422,0.004762838560523397,3.86,0.0,-0.005563143665014869
2024-08-20,0.0037972658943907778,-0.004437297550992092,-0.008079210921579816,0.005576511052951094,3.82,0.0,-0.004416497702795397
2024-08-21,-0.0011548387002693339,-0.028498117021350078,0.03664287570061453,0.0037390286396496997,3.79,0.0,-0.003943232612892977
2024-08-22,-0.011760485229024398,0.0150146229177337,-0.012967304646127387,0.0024652959222828397,3.86,0.0,0.004651635158792855
2024-08-23,0.011900440179980043,0.024928087132886967,0.061482671821355916,-0.00342409723658188,3.81,0.0,-0.007782493339593688
2024-08-26,0.003707562266860087,0.03461173693057118,-0.018936071727747583,0.006365920264025604,3.82,0.0,0.0012906796251235253
2024-08-27,-0.0006752000654739465,-0.0244122892579266,-0.05369739018896724,-0.0020766916139589586,3.83,0.0,-0.002974669577613054
2024-08-28,-0.0059618441971383,-0.013372198498000198,-0.00800797843742207,0.0011849710056877072,3.84,0.0,0.005370395522065419
2024-08-29,0.009876030056727325,0.018652805712012777,0.006108236397788236,-0.004739286454720659,3.87,0.0,0.0024730439119255987
2024-08-30,-0.012630123514453473,-0.03108945457118406,-0.004524521990973862,-0.004000090438691095,3.91,0.0,0.0035524040197441042
2024-09-03,-0.0015639371272799796,-0.043643869213822795,-0.02856001478996517,-0.00117310899381029,3.84,0.002133336729690294,0.0012783174701433975
2024-09-04,0.0014056789980614326,-0.016206986764290554,0.00941156177702851,-0.0016794385642910914,3.77,0.0,-0.004615547601412029
2024-09-05,0.007219058596689809,-0.0007224772336431595,-0.031240343288065575,0.0028587264145087943,3.73,0.0,-0.002466456180885923
2024-09-06,-0.007127459998324093,-0.021402795723434842,-0.03938239218868078,0.0027667685247456664,3.72,0.0,0.0006923122777338087
2024-09-09,0.003328674083868055,0.015368714994359323,0.05692033694302334,-0.002150916950658943,3.7,0.0,0.0036568763141533456
2024-09-10,0.004196978093800263,-0.0430795972043837,0.011034389872275785,-0.0044813102943156435,3.65,0.0,0.0007877321443248153
2024-09-11,-7.95888898574848e-05,0.02372619860979097,-0.005300015516934153,-0.0014988742242775244,3.65,0.0,0.0004920107557726539
2024-09-12,0.015564608095077315,0.02466206688931072,0.013669279499548104,-0.0009138923865484871,3.68,0.0,-0.003048756467971425
2024-09-13,0.011798407899162866,-0.004639693912723342,0.04205082955798245,0.006081768854457659,3.66,0.0,-0.0025648824029379513
2024-09-16,-0.00034871826883653423,0.020975889002258663,-0.039272608282607036,0.0009536418367905863,3.63,0.0,-0.0034615613886689323
2024-09-17,-0.006239286205599992,0.015694195477093498,0.0363626062794542,0.003706113070797379,3.65,0.0,0.0012901672356278038
2024-09-18,0.0024957696922693895,-0.003933119394501139,0.02223798894564699,-0.0005783979918021487,3.7,0.0,-0.002874426774524319
2024-09-19,0.006729703643647111,0.014666383195923283,0.020937291974474137,-0.0007446361121506984,3.73,0.0,9.942481493219191e-05
2024-09-20,0.012326082822160078,-0.0004169392712893849,0.004012038411551844,0.004241518250529985,3.73,0.0,0.0010933367427119478
2024-09-23,0.002519217490082548,-0.021551661037618852,0.0021651807873723783,-0.00010049842305048795,3.75,0.0,0.0019856726153522075
2024-09-24,0.009404131418951023,0.016910540934567786,0.01535087678718594,-0.004400265316869101,3.74,0.0,-0.005449816016074083
2024-09-25,0.003017501564325231,-0.026131849929932338,-0.018021597802944433,0.007151230534546693,3.79,0.0,0.005479679259867476
2024-09-26,0.004023748258253246,-0.02898556753760073,0.032273891570151925,-0.005376310297212639,3.79,0.0,-0.0035671880388751243
2024-09-27,-0.009588319582000904,0.007536606325260875,0.00935309904070647,0.00414666685372822,3.75,0.0,-0.0013921976237804001
2024-09-30,-0.0031009911963315595,-0.00014670190944121586,-0.03740901688060083,-0.0006589094951865437,3.81,0.0,0.0035849493817545763
2024-10-01,0.011835647363927837,0.024350941861482678,-0.039357521968434894,-0.0029734512140978664,3.74,0.002856398459641696,0.004068303900332859
2024-10-02,-0.007573182919840549,0.0038664848344072134,-0.0033568819965540397,-0.006527790072830886,3.79,0.0,0.004842354500913082
2024-10-03,0.003777718873892999,0.051497870027547465,0.0020882627636797935,-0.001392079970038207,3.85,0.0,0.003048756467971314
2024-10-04,-0.004252774985064489,0.009089651027908596,0.021528753876634443,-0.0011698119884903102,3.98,0.0,0.005196576040768397
2024-10-07,-0.00037795751059988003,0.03710677921682293,0.002725801065549094,-0.005531086014798681,4.03,0.0,0.00019512556687439897
2024-10-08,-0.011267410873396222,-0.04627948824307726,-0.001682150134457161,0.00010970973519652816,4.04,0.0,9.754375015758043e-05
2024-10-09,-0.0034416826003823564,-0.004485548897968816,-0.024944762232405493,0.0,4.06,0.0,0.0037054826144296005
2024-10-10,0.005602493344685433,0.035636273709432675,-0.005077433013489285,-0.002954669543280719,4.09,0.0,0.0005828967105396821
2024-10-11,0.014118903541632033,-0.0038233476778023467,0.036011743668549645,-0.0008638422329960704,4.08,0.0,-0.0009709532594937009
2024-10-14,-0.003687555865447112,-0.02289565621276679,0.057667226762912804,-0.0007756225559414354,4.08,0.0,0.003984873792803434
2024-10-15,0.005136284184919404,-0.044020044960001226,0.015064992457922477,-0.001483708503107417,4.03,0.0,-0.00038723053577527367
2024-10-16,0.004734387209210489,-0.002692015251870572,0.008526251733136592,-0.002296510595518164,4.02,0.0,0.0031957601668919366
2024-10-17,0.006357516828721099,0.003977820453541003,-0.0031485616380424464,-0.0019877858886589994,4.09,0.0,0.0023168790582943632
2024-10-18,0.00843550768185608,-0.020517857447453047,0.015118035686984221,-0.0030323382838879365,4.08,0.0,-0.003274621605404482
2024-10-21,0.003463959410956896,0.01935851364142782,-0.015360363935116972,0.003608352223611222,4.19,0.0,0.00502468144936552
2024-10-22,0.007748467834063577,0.02168365691943719,-9.567341618454961e-05,-0.004673224704925039,4.2,0.0,0.00067300926244096
2024-10-23,-0.010859284803718228,-0.018310441973630964,-0.01379441121005398,-0.0019003483549562272,4.24,0.0,0.0033627831280136355
2024-10-24,0.007552313858506743,-0.00819548154828098,0.02602442034118191,-0.0015524310655355977,4.21,0.0,-0.003543069477168981
2024-10-25,0.0021938645706405246,0.022652746581935723,-0.022280180844656217,0.004048280359946421,4.25,0.0,0.0019220121307814697
2024-10-28,0.0007296873549778038,-0.06129843411404423,0.04899798117963772,-0.002548029968427179,4.28,0.0,0.0005754609376982245
2024-10-29,0.009296730069591863,-0.0025229767865074804,0.04023493905417541,0.0018712969894509879,4.28,0.0,-0.000383444360087859
2024-10-30,0.007260547018237196,0.020830256583091344,-0.005238593875544262,0.0003570732687898648,4.29,0.0,-0.0027809831120263473
2024-10-31,-0.018002492799668257,0.009473859788609929,-0.029366396164960396,0.0035618565060202556,4.28,0.0,-9.611027061484645e-05
2024-11-01,0.0001095748540242969,0.003320758308477556,-0.010435331387529279,0.0024819583506552334,4.37,0.0028419261732848256,0.0028851261076947576
2024-11-04,-0.0009128751591513939,0.02849335757378002,-0.024048669650932664,-0.0010655995851047706,4.31,0.0,-0.0037399251458934968
2024-11-05,0.0015350137136695974,0.007275732953475611,0.02282879023690776,-4.352012235619984e-05,4.26,0.0,-0.004524027562463728
2024-11-06,-0.026529923685898793,-0.00416718198729471,0.09053568676993895,0.005554702899202235,4.42,0.0,0.01614772963172184
2024-11-07,0.01154588527514333,0.009345768532968313,0.003513808689745934,-0.01841790161863377,4.31,0.0,-0.005519023902097353
2024-11-08,-0.004039394729551615,-0.02736323024091214,0.008439738809541852,0.005786161482286278,4.3,0.0,0.004688526014292815
2024-11-11,-0.028390715843023218,-0.03324803110555652,0.15880765733523816,-0.007436133497694897,4.3,0.0,0.00514286586216528
2024-11-12,-0.004289197066983941,0.0011758058491799783,-0.008406532091926988,-0.004713679148511618,4.43,0.0,0.004547998136964715
2024-11-13,-0.007384596604567362,0.004550756695459901,0.029882636380625716,-0.004469625327243376,4.44,0.0,0.004338867463049123
2024-11-14,-0.00488224481473154,0.003945588804067146,-0.03680261786927608,-0.0049545500735181935,4.43,0.0,0.001784323873233351
2024-11-15,-0.0009734444542992549,-0.02445415400005735,0.04373133907381366,-0.003222246420885977,4.43,0.0,0.000187534197096495
2024-11-18,0.017500154865679907,0.0319308732651864,-0.0057471190411420014,0.00034766267324415345,4.42,0.0,-0.0038429436004047135
2024-11-19,0.006320385881703361,0.0033255597941077575,0.019892819836786257,0.005806019818599184,4.39,0.0,-0.0006586346972922152
2024-11-20,0.008031613844653007,-0.007493826886298849,0.02161166598491282,0.001198629558994746,4.41,0.0,0.004425206899110412
2024-11-21,0.009025053593026078,0.01785967298513147,0.044151545428309014,-0.005789868023150069,4.43,0.0,0.002718418772944764
2024-11-22,0.01414610355377599,0.01626247381544932,0.005004201495724558,-0.007286603503216971,4.41,0.0,0.004861144593179212
2024-11-25,-0.034355458456271526,-0.03228516972672435,-0.05955056862531716,0.0010059984149974888,4.27,0.0,-0.006233121055546409
2024-11-26,0.0013375114394267307,-0.002465996407301163,-0.011997304040733403,-0.00339443451969601,4.3,0.0,0.0017787159890383375
2024-11-27,0.007480003492115639,-0.0007269946895994694,0.04323745271515378,0.004490308188931369,4.25,0.0,-0.008690779241288693
2024-11-29,0.00647755531983174,-0.01047731676241892,0.015620598664648044,0.006844831435842247,4.18,0.0,-0.0032051655487964625
2024-12-02,-0.008317688240967236,0.0014705657958984375,-0.016377937607589543,-0.0016977970845832857,4.19,0.003399383308901438,0.00671457441664991
2024-12-03,0.003719324904679633,0.02701914843631581,0.0014276215513644441,-0.004158447181446645,4.23,0.0,-0.0007514720897460192
2024-12-04,0.0034408809408483787,-0.020017178681853598,0.02881567529768403,0.0009143989742383951,4.19,0.0,-0.00028209464996353795
2024-12-05,-0.010249435025779796,-0.003501573687828219,-0.022020788503929523,0.0003154091131798431,4.17,0.0,-0.005924367830671962
2024-12-06,0.004568643704349062,-0.01610550592043225,0.03444474217316973,0.006795994648919557,4.15,0.0,0.002459579401024259
2024-12-09,0.009967332568076914,0.017410801361211092,-0.024899664585615544,-0.0019018358549439673,4.2,0.0,0.001698596801946728
2024-12-10,0.012270703032313035,0.003217691713777171,-0.007772430783165474,-0.0009710081955752736,4.22,0.0,0.0023551577617175745
2024-12-11,0.013419317119437668,0.02478502213736955,0.04652269534294651,-0.002106648858464677,4.26,0.0,0.0029135108472564397
2024-12-12,-0.016936150413770057,-0.003841289926648672,-0.011169293200355757,-0.002479601489141836,4.32,0.0,0.002342798258315959
2024-12-13,-0.011720930232558158,0.01813773683730524,0.014156490833941326,-0.0031212470011464655,4.4,0.0,0.0003739801408912946
2024-12-16,-0.0017319644790098065,-0.008135808999945704,0.045047253804540555,0.003436723753809323,4.39,0.0,-0.0013084055107330794
2024-12-17,-0.002640114753648559,-0.00890959215917042,0.001045771070669721,0.0006941552918395821,4.4,0.0,0.0009357895709332098
2024-12-18,-0.0029874083480143643,0.0071347030099311315,-0.057462106019896764,-0.0021200121370241742,4.5,0.0,0.0100037369482322
2024-12-19,-0.016802597696994104,-0.009492747967746795,-0.025495268879325628,-0.013796860409498679,4.57,0.0,0.0035175866620977825
2024-12-20,0.014080703914641779,-0.006436912517008175,0.002717960528709318,0.0014199956440721362,4.52,0.0,-0.007287158830744045
2024-12-23,-0.006238788240719106,-0.0031673081428574834,-0.031401547812117236,0.006572816929756531,4.59,0.0,0.003902603217120326
2024-12-24,0.002947575327470142,0.01242057534495622,0.04213760595334648,-0.002611890288039209,4.59,0.0,0.002036294139567296
2024-12-26,0.007175591155772931,-0.006847300113940302,-0.029192259396668696,-0.0006030445501452597,4.58,0.0,-0.0012008579368854022
2024-12-27,-0.008185575737669981,0.014076352899701217,-0.017022260795415023,0.0022721812206090153,4.62,0.0,-0.0012022311728473456
2024-12-30,-0.0042411178827413964,0.005524070794298952,-0.01615940859041931,0.000594492107253819,4.55,0.0,0.001203678272388542
2024-12-31,0.008863762959987476,0.010283186067063577,0.008484077565384274,-0.0022269349976842268,4.58,0.0,0.003329331540699476
2025-01-02,0.011296193413755873,0.01965973241377794,0.03700847015010855,-0.005217249054994322,4.57,0.0042726162139017365,0.008295709683846075
2025-01-03,-0.005227689215189235,0.011349676770511463,0.012597729955682757,-0.00808116751134591,4.6,0.0,-0.004022327853197449
2025-01-06,-0.002495311023156921,-0.005408349524478107,0.040472533656703336,0.003617188874099453,4.62,0.0,-0.006333132917291429
2025-01-07,0.006936040594857751,0.009380131379920664,-0.05050430525956884,0.00786245805547714,4.67,0.0,0.00258635482885472
2025-01-08,0.002935991633034929,-0.01252525663536408,-0.019388436629511285,-0.003931263264369433,4.67,0.0,0.005067214093643857
2025-01-09,0.007243403575952323,0.008183285278483776,-0.026929603222076492,-0.0029809405322528404,4.68,0.0,0.0008250432698373444
2025-01-10,0.009203349997202626,0.03584958862988996,0.023976181025154863,-0.0016578833712275198,4.77,0.0,0.004304828900800528
2025-01-13,-0.012922281705741168,0.029384876700634166,-0.0019527650463389001,-0.005163311937805948,4.79,0.0,0.002827155077791632
2025-01-14,0.0014961660744343686,-0.016747014716252284,0.021345722040169157,0.002032546814788594,4.78,0.0,-0.006275031349137983
2025-01-15,0.013071895424836555,0.032774205361643105,0.041129999632577796,0.004050693063236022,4.66,0.0,-0.001647298533043462
2025-01-16,0.012497659850230436,-0.01699151167910251,-0.0074383335632930425,-0.001122253065001133,4.61,0.0,-0.0011916514600964767
2025-01-17,-0.0007645840337501264,-0.010167806922405265,0.04716598568833419,0.0006490050075858012,4.61,0.0,0.003579289582648526
2025-01-21,0.0038989727732010593,-0.025552104955707255,0.01612285742854702,0.011525240624112643,4.57,0.0,-0.011796990704417976
2025-01-22,0.0045735381692377786,-0.0059295948328017545,-0.023488299826845638,-0.0014152030165980323,4.6,0.0,0.0010179586603442647
2025-01-23,-0.0016259574509376318,-0.010869560820350066,0.002962783076025932,0.00040599688560072345,4.65,0.0,-0.00110931976720674
2025-01-24,0.005139137443453512,0.0005360615660010559,0.008265785680243276,0.0005624851491665694,4.63,0.0,-0.0056455399641160975
2025-01-27,-0.014330482169155112,-0.01995721162709041,-0.026061918652707572,0.00495113811170067,4.53,0.0,-0.0009308088350998833
2025-01-28,0.010703214183789944,0.008200061352136911,-0.007397669160641884,-0.0021516145137691067,4.55,0.0,0.004937641389729963
2025-01-29,0.0008313028724642457,-0.015588910787790566,0.023395602825692086,-0.0015331053400751138,4.55,0.0,0.0012051288598124987
2025-01-30,0.019464772107505413,0.0015147425804351577,0.009952379879751394,-0.0003648616303418839,4.52,0.0,-0.0018518235948351558
2025-01-31,-0.0037194473963868546,-0.0027499596920842473,-0.022249243050878498,-0.00268257458552168,4.58,0.0,0.005287566592651949
2025-02-03,0.007608854166666568,0.00868612840777172,-0.009761255150828374,-0.014377536010052872,4.54,0.002251058906888259,0.005721095335185167
2025-02-04,0.006845741611526401,-0.006287680301271359,-0.034846278405663456,0.007766210111102678,4.52,0.0,-0.00945039727943009
2025-02-05,0.006413643330515084,-0.022971089945632905,-0.012836943218062724,0.004398011689169534,4.43,0.0,-0.003519796745465431
2025-02-06,-0.005432545314712378,-0.005912968832370691,-0.00022924323774897726,0.0027041830597469563,4.45,0.0,0.0010225005435891
2025-02-07,0.003956599729735721,0.0055232882917048975,-0.0006647556256734743,-0.0014540054721770002,4.49,0.0,0.0032500554014895933
2025-02-10,0.016391727129920985,0.018591544997524245,0.009411347276075954,-0.007135643922794088,4.51,0.0,0.0025916214080357047
2025-02-11,-0.0006176607754746488,0.0138274336866675,-0.017345724709743937,-0.0009786114722859507,4.54,0.0,-0.00332349161157508
2025-02-12,-0.001201716738197467,-0.02659570316910187,0.02233406885677658,0.006156768707821447,4.62,0.0,-0.00018522270503884553
2025-02-13,0.005809522978257098,-0.0011209447663713679,-0.012892487184132717,0.0026084706288276305,4.52,0.0,-0.005836620979830509
2025-02-14,-0.014457023855674711,-0.007715009744627688,0.009160278803397981,0.006705875470178757,4.47,0.0,-0.006895889298343283
2025-02-18,0.01664585877875835,0.015691272884813978,-0.02019734082153335,0.0022648420308006845,4.55,0.0,0.004504113336850191
2025-02-19,-0.004161616491367259,0.005567175147860093,0.011472343504350446,-0.003531586340879578,4.53,0.0,0.00112092586423862
2025-02-20,0.007056278120620485,0.004429061520058397,0.017574558032842136,-0.00261560548386075,4.5,0.0,-0.00774472189265385
2025-02-21,-0.0008162933142006334,-0.02990213832259503,-0.02245807176184722,0.007633917867490236,4.42,0.0,0.002539066031213899
2025-02-24,0.0035061970129008913,0.004261298520753742,-0.04897111281063904,-0.002451152351532593,4.4,0.0,-9.381986842893486e-05
2025-02-25,-0.014722312080286182,-0.02503531427819128,-0.029337712021491935,-0.001286799161344443,4.3,0.0,-0.002720458908803236
2025-02-26,0.004234824867662246,-0.004497280679258475,-0.04946290046952739,0.005998783902479099,4.25,0.0,0.0010347155759355964
2025-02-27,-0.011519506683274172,0.025211245384644476,0.004234922709094535,-0.0033563824334480463,4.29,0.0,0.007705315814067415
2025-02-28,-0.016093196146486743,-0.008386586363717696,-0.003910297790814532,-0.008929464425346478,4.24,0.0,0.0034502308276065374
2025-03-03,0.018823992323959926,-0.01992544935612217,0.02006167738219755,0.0018017084062638133,4.16,0.0003315826188146076,-0.007991827947901986
2025-03-04,0.006712389043017186,-0.0016089016517856214,0.013437685575495406,0.0068361476632621265,4.22,0.0,-0.009461378325344105
2025-03-05,0.0019590153218878026,-0.02856730906256022,0.03899657851208138,0.013538875107199866,4.28,0.0,0.0
2025-03-06,0.0004459399740508463,0.0007540801326924029,-0.007303133084179958,0.015803682242369943,4.29,0.0,-0.015888030443694467
2025-03-07,-0.00408014334702167,0.010247141333957543,-0.0357824911826653,-0.000647234466842117,4.32,0.0,-0.002114176685226843
2025-03-10,-0.0047164772273115,-0.015065664117503652,-0.09465551034480402,0.0067335647250317265,4.22,0.0,0.0006741845790416701
2025-03-11,0.007575199703822255,0.0033318374189050814,0.05513944554449135,-0.001951039928978826,4.28,0.0,-0.004523156617638802
2025-03-12,0.008994540214519287,0.021584910266804203,0.010380466895202334,0.006897692458530891,4.32,0.0,0.001643447070118098
2025-03-13,0.015378840349098422,-0.016696176836919374,-0.0317197970748182,-0.002558252061335975,4.27,0.0,0.0021233589364648697
2025-03-14,0.003417870524071498,0.009466524786302388,0.03580259620308812,-0.002811636557319863,4.31,0.0,-0.0010594299182478117
2025-03-17,0.0018367006177992806,0.005954175707976184,0.001269347123127984,0.002361313594480885,4.31,0.0,-0.0033744549749505914
2025-03-18,0.011700032552083295,-0.010062152807804536,-0.016142449028442418,0.0034831765334208953,4.29,0.0,-0.001257665467333302
2025-03-19,0.000263518388773365,0.003886429451423812,0.049997601050550955,0.0018596741869165712,4.25,0.0,0.001840395634809866
2025-03-20,0.0013505378267197887,0.01637877328975934,-0.030937253791171848,-0.002520622057834987,4.24,0.0,0.004060699678101853
2025-03-21,-0.007171068693462179,0.000292948175221186,-0.0014727011460912154,-0.005059227151979595,4.25,0.0,0.0023110049811829736
2025-03-24,-0.0016897003505831343,0.012155855973833951,0.04111778395329413,-0.001928790453157303,4.34,0.0,0.0016332577992221875
2025-03-25,0.003517922794489925,-0.0015916742783979032,-0.0003109860024155253,-0.0029709464430931476,4.31,0.0,-0.0007673300346777712
2025-03-26,-0.000926033956193284,0.00942031196925952,-0.00652577110204744,-0.0014886306947903272,4.35,0.0,0.0035515717555976156
2025-03-27,0.013009384653107636,0.0038764772024604266,0.003178549412391707,-0.004210979976130513,4.38,0.0,-0.0045911367089673805
2025-03-28,0.008594225621777918,-0.008009118610681987,-0.032393289916566204,0.005486903144057864,4.27,0.0,-0.0002882557834615884
2025-03-31,0.011760910036651584,0.030565206573334835,-0.02138905788841794,0.0021215078090845996,4.23,0.0,0.0016339693142000122
2025-04-01,-0.0012489260994595908,-0.003917269103824728,0.0317418810684309,-0.0004652105854351385,4.17,0.0016167112278562268,0.0004798296919406031
2025-04-02,0.006733143306144385,0.007162951658568284,-0.031507420800550134,-0.002116018504694228,4.2,0.0,-0.004316176562597085
2025-04-03,-0.013662824828182485,-0.06637849947011298,0.007481504135517403,0.010439658179454803,4.06,0.0,-0.016761370818715537
2025-04-04,-0.02744591540200192,-0.0740850708867078,0.008916382019940938,0.012380016951382578,4.01,0.0,0.009307308230455114
2025-04-07,-0.020152706232362205,-0.02080982223905059,-0.05496492874072856,-0.005360440510336351,4.15,0.0,0.002329698126429136
2025-04-08,0.00579400712659317,-0.01845138250094691,-0.03739976334343409,-0.00629822288861126,4.26,0.0,-0.0029053171174839854
2025-04-09,0.029679322380616213,0.04649205367467113,0.0826253916648998,0.005962451246217082,4.34,0.0,-0.000582726875750339
2025-04-10,0.0322918210933667,-0.036567743946989806,-0.0356990599146636,-0.0025847176829949525,4.4,0.0,-0.019727879000918436
2025-04-11,0.02123478734687345,0.023805565381066485,0.04745546227457886,0.027919435356977162,4.48,0.0,-0.010806026941662883
2025-04-14,-0.005400007016144959,0.00048778502921753564,0.013638953601592618,0.007577279343956134,4.38,0.0,-0.0014030806911322635
2025-04-15,0.004337213595847489,-0.0032503974030548832,-0.01033089354397465,-0.0003062430815494732,4.35,0.0,0.005820973851942357
2025-04-16,0.03352289685936416,0.01858795623043985,0.004360934564412222,-0.004144378660155601,4.29,0.0,-0.008381600050426319
2025-04-17,-0.005380913232397977,0.03537696560409609,0.01025637449930672,0.009220013132087201,4.34,0.0,0.0
2025-04-22,0.027835735792128835,-0.0057205124433560295,0.10066629513255965,0.010177273336324122,4.41,0.0,-0.004628688842681639
2025-04-23,-0.03660903264303972,-0.03172130583540156,0.0027527134594511615,-0.01403016623455533,4.4,0.0,0.00930042646557716
2025-04-24,0.017000869988021305,0.008350737978818135,0.0026114175645013393,-0.0021068835399171704,4.32,0.0,-0.005508768454897783
2025-04-25,-0.014885983690351101,0.0036629963192029713,0.008267742531563593,0.003934726147248657,4.29,0.0,0.0018128744437106992
2025-04-28,0.015263252238240987,-0.015391958325249866,0.002726442533559359,-0.0025294967307852856,4.23,0.0,-0.004624500641675855
2025-04-29,-0.0041110131048387455,-0.02626915532888008,-0.007306486319308303,0.005818618549439547,4.19,0.0,0.002322954475069805
2025-04-30,-0.004158144095784855,-0.03657727824309254,-0.0008217291810309613,-0.0017425088679666745,4.17,0.0,0.002317647741683082
2025-05-01,-0.02874432677760963,0.01769459904129933,0.02425526614507767,-0.00565124200256939,4.25,0.0009928130327003792,0.00784154790112268
2025-05-02,0.006822399484034181,-0.01603647427452337,0.0043291974532626565,-0.002507785777999927,4.33,0.0,-0.0024937655860348684
2025-05-05,0.024567637885936522,-0.019900494582135275,-0.022309504244793943,0.002366562932993199,4.36,0.0,-0.0016999816894532893
2025-05-06,0.03022977442079,0.03430770257006954,0.02168299794413664,-0.0008710742701883989,4.3,0.0,-0.005910086712045071
2025-05-07,-0.008794043752944014,-0.017261811730068133,0.0023743581586117557,0.0025974827882915275,4.26,0.0,0.003728363105065302
2025-05-08,-0.025078312869389552,0.03168589912618658,0.06399043746457878,-0.0032222829801346053,4.37,0.0,0.01034031495819332
2025-05-09,0.011769642522029056,0.018527801922528564,-0.002621130818400763,-0.0072507998190278755,4.37,0.0,-0.0029809524401553933
2025-05-12,-0.03459852063396052,0.015240909508342337,-0.0015334284907234652,0.0004828175986058003,4.45,0.0,0.014450913200693138
2025-05-13,0.0063043629901009535,0.027764283855099103,0.013197358248725033,-0.01193882024732218,4.49,0.0,-0.007761085651064481
2025-05-14,-0.01817737419276233,-0.008167059180473335,-0.006051642240404331,0.008109462705120585,4.53,0.0,0.0003960486685876674
2025-05-15,0.012353067842610033,-0.02422806899485419,0.00198211052629782,-0.00032419902750946417,4.45,0.0,-0.0015835675045485775
2025-05-16,-0.012016006383268829,0.014118837417438801,-0.0024613470244020386,0.0009625714399328356,4.43,0.0,0.0020816721866590004
2025-05-19,0.01473912707220304,0.003200463160030642,0.020455166367232103,-0.0004587228270362953,4.46,0.0,-0.006528796682401916
2025-05-20,0.015918779782261305,-0.002073652197570386,0.011220046530480143,0.004100138468513537,4.48,0.0,-0.003086702754672377
2025-05-21,0.008840654686561367,-0.01582483466647533,0.027034018449719976,0.004853828028530183,4.58,0.0,-0.005593339718594881
2025-05-22,-0.0051370379685032885,-0.006009402853966006,0.018191448638679386,0.003829962183004687,4.54,0.0,0.004017693206987971
2025-05-23,0.021656607165408293,0.0053921243830648,-0.03927066820202352,-0.0043547334541853555,4.51,0.0,-0.008503386173531191
2025-05-27,-0.0191758824257805,-0.010401420483430734,0.01590902040787201,0.009452449604264501,4.43,0.0,0.004136777622741894
2025-05-28,-0.0016671212867737095,0.015601917760914796,-0.010939184653144474,-0.004512133069928481,4.47,0.0,0.00361736959902359
2025-05-29,0.007135049581982633,-0.014553711572739214,-0.020041963379443528,-0.009121845100342862,4.43,0.0,-0.0060071935384494735
2025-05-30,-0.008501460457109866,-0.0024613999764006023,-0.015554336978341854,0.012880357778047635,4.41,0.0,0.0005036568530683017
2025-06-02,0.024841192416430236,0.028458620104979238,0.018105642527988408,-0.0022025434804063826,4.46,0.002541949971929469,-0.006342543755148755
2025-06-03,-0.006052378179944973,0.014235434790978552,-0.004241178746647534,0.008819226592268192,4.46,0.0,0.0055724728344845875
2025-06-04,0.006954823344193173,-0.008831436281952265,-0.0066439151364365845,-0.006022474969410219,4.37,0.0,-0.0046347514808328105
2025-06-05,-0.0067585738337409,0.008273674946512433,-0.030134359325224014,0.003300948975709872,4.4,0.0,-0.0005061549883027538
2025-06-06,-0.008356462950437349,0.019094254687782586,0.027707252931573167,0.002783278827282132,4.51,0.0,0.004557469995670749
2025-06-09,0.002829068715957783,0.010994101336975204,0.05655463523176674,-0.00401553968688928,4.49,0.0,-0.0025204153024159792
2025-06-10,-0.0033613021770798612,-0.004748009714302559,-0.0003342625487465778,0.0017713400708556648,4.47,0.0,0.0011117910616256221
2025-06-11,0.0001204933891842952,0.048784210606031886,-0.014244955298426398,0.0008235503479774309,4.41,0.0,-0.004240341094390199
2025-06-12,0.01794473628983151,-0.0016140954935971452,-0.025371753999169577,0.0062840581474452595,4.36,0.0,-0.007198612027214946
2025-06-13,0.014877710160320134,0.07260438528710988,0.0015285141831733462,0.00789975565342127,4.41,0.0,0.002655250623900818
2025-06-16,-0.010142238669664128,-0.016579976133314744,0.006652678081987995,-0.0037559350278424386,4.46,0.0,-0.0018333703872099871
2025-06-17,-0.002885350656363417,0.042775530701112396,-0.020559056941174436,-0.00046201692721115073,4.39,0.0,0.008367343824736917
2025-06-18,0.0009448860448830754,0.00400859254994268,0.0026979724986506692,-0.00594800541714724,4.38,0.0,0.0009107869617801523
2025-06-20,-0.006401543117381503,-0.0027947709100140106,-0.015004544484176097,0.0026249087059371234,4.38,0.0,-0.0020220864445619213
2025-06-23,0.00285022809218316,-0.08567994318427696,0.021955092660267406,-0.0010350377251370224,4.34,0.0,-0.002937908197923833
2025-06-24,-0.017852399472962133,-0.060429123639729965,0.004431419225533917,0.008536921477964032,4.3,0.0,-0.005689875726602733
2025-06-25,0.0029240355694371,0.008544281480436622,0.012406215749838134,0.0011379258177608431,4.29,0.0,-0.0018393654614052846
2025-06-26,0.0019235677184039623,0.004929138999533844,-0.003737454466123835,0.006157340641507414,4.26,0.0,-0.005425867911967974
2025-06-27,-0.017939117692552853,0.004291826923133124,0.0012007263229245613,0.0007249234392081583,4.29,0.0,0.0025733401551559787
2025-06-30,0.006323105807074736,-0.00625757102748925,0.00043801417330402437,0.003013925168278808,4.24,0.0,-0.005338852816370698
2025-07-01,0.012839986061810915,0.005221875820971444,-0.013413452013053329,0.005092043354437914,4.26,0.0022835098853577485,-0.0006192976909030756
2025-07-02,0.00338659423786547,0.030557679041323782,0.02990624847553991,0.0015583858686389895,4.3,0.0,-0.000413147238725764
2025-07-03,-0.0048984176653972256,-0.006671563656073909,0.007244728772290987,-0.00044844072685967795,4.35,0.0,0.004133101166813313
2025-07-04,0.0002701111530112321,-0.007462686567164201,-0.014716556343200904,-0.002436668096811645,4.35,0.0,0.0
2025-07-07,-9.003715772692988e-05,0.021503763987605673,0.0024576966451999027,0.0007892943572744837,4.4,0.0,0.003087086343030565
2025-07-08,-0.007562556731630865,0.005888436980449052,0.006005750382996888,-0.003755652578407487,4.42,0.0,0.0003077429038143009
2025-07-09,0.0013910183417751298,0.0007316759991737865,0.021810695604753683,-0.001020078368183186,4.34,0.0,-0.00041022371706522787
2025-07-10,0.0017513602235985637,-0.02646969335032079,0.041864660687494615,0.0005631767029687929,4.35,0.0,0.001846725176172015
2025-07-11,0.011635648035372315,0.028240908247505025,0.013189291760499877,-0.0024225628397964716,4.43,0.0,0.0020480997963854275
2025-07-14,-0.001340882002383803,-0.021475436915214363,0.019849988449143874,-0.0017639848026553828,4.43,0.0,0.0023505708791033975
2025-07-15,-0.0064746982461211244,-0.006867821600662349,-0.01729262210051885,-0.0013532100753279597,4.5,0.0,0.00550571885650597
2025-07-16,0.006817211495886655,-0.0021046211171603657,0.00816219450392297,-0.005049252023216044,4.46,0.0,-0.0023322181152705124
2025-07-17,-0.003698703159955241,0.01747519900732808,0.004643278306736054,0.002443466592229049,4.47,0.0,0.003455676078812253
2025-07-18,0.0038621304651325072,-0.0029612759094698182,-0.01078563897020779,-0.0017422791502890167,4.44,0.0,-0.0025321583257339464
2025-07-21,0.014583925542424714,-0.002078993128332929,-0.004776882093994628,0.0013141727864733888,4.38,0.0,-0.006397287381572192
2025-07-22,0.010964475704422494,-0.014732111737029263,0.02176332622218302,0.0054848129625788555,4.35,0.0,-0.004701063787898918
2025-07-23,-0.013113472364483347,-0.01449930671722044,-0.010337504434577038,0.0038152555175337,4.4,0.0,-0.0018482421840421148
2025-07-24,-0.006805956510299027,0.011954004280411823,-0.0032584822936673197,0.002990702834968051,4.43,0.0,0.0017487724570142138
2025-07-25,-0.010975971521803629,-0.013175755463746608,-0.006185093838706357,-0.0015400473566333783,4.4,0.0,0.002772687205549129
2025-07-28,-0.007468477007723462,0.023787528165297056,0.0024532799270098327,5.871164147408514e-05,4.42,0.0,0.010343083670744324
2025-07-29,0.00432135754902907,0.03747564134777348,-1.9742508661990676e-05,-0.013614622984389979,4.34,0.0,0.0025339549029026465
2025-07-30,-0.008304704316853595,0.011414548850999573,-0.0007713643170961237,-0.003950425906899091,4.38,0.0,0.010413494501683385
2025-07-31,-0.0007889124393861691,-0.010571398053850434,-0.017592832754910526,-0.010526402697315418,4.37,0.0,0.0009005036591169802
2025-08-01,0.01654925325156964,-0.02786601567495739,-0.021062154747402473,-0.0004912575965008159,4.23,0.003482644202266627,-0.013395944759003409
2025-08-04,0.007975610586763882,-0.01544632240077648,0.015458838214843729,0.014263281535664252,4.22,0.0,0.0009119093693819025
2025-08-05,0.00222261741851959,-0.017046269992633034,-0.008085706753543476,-0.00022017339786817303,4.22,0.0,0.0
2025-08-06,-0.0005617855047789222,-0.012431018147092243,0.007767158415357134,-0.0004284036012656145,4.22,0.0,-0.0060740886974666175
2025-08-07,0.006005931605954196,-0.007303767166286335,0.021463456180234486,0.007254479395229607,4.23,0.0,0.002240794663060486
2025-08-08,0.011410772070393316,0.0,-0.0068782400705657,0.0011559956311337771,4.27,0.0,-0.002235784728572998
2025-08-11,-0.025006541699268636,0.0012523170792080318,0.017505707793510794,-0.0024576614146440967,4.27,0.0,0.003462989782377246
2025-08-12,-0.0012526304584333792,-0.012351484159403792,0.012140515376580119,-0.0025329006384294805,4.29,0.0,-0.0042630753477077565
2025-08-13,0.002926348685807545,-0.008231702677522601,0.026388279596092357,0.005044498085522209,4.24,0.0,-0.0026503785960716453
2025-08-14,-0.006996754798475169,0.0209097769622979,-0.040411222672351976,0.0030687789312300318,4.29,0.0,0.004190552713160711
2025-08-15,0.00023988031897270723,-0.018136333083433653,-0.008121240187970669,-0.0052547013700186,4.33,0.0,-0.004071262349912508
2025-08-18,-0.0012889834616681695,0.009872594576703086,-0.009761968948004185,0.004741219356902748,4.34,0.0,0.0032703086337693144
2025-08-19,-0.00549270615491293,-0.016871644997116575,-0.029428514056440758,-0.003267246064411977,4.3,0.0,0.0010186256084978584
2025-08-20,0.009054144046657164,0.013793113574950944,0.012794003430595335,-0.002212071132819071,4.29,0.0,-0.0005087557145735389
2025-08-21,-0.0019441287880170854,0.004904309093197945,-0.01623902974513114,0.0007923034548853458,4.33,0.0,0.004072505812539262
2025-08-22,0.011237975695243652,0.002204020602007528,0.03962900798880531,-0.003321295517033751,4.26,0.0,-0.009125953161769784
2025-08-25,-0.00017776598298513413,0.017907684685488423,-0.05775218963945106,0.008313816789309092,4.28,0.0,0.0072656475194787795
2025-08-26,0.00438675932596122,-0.023919799054944124,0.015240086898922645,-0.007784397121532227,4.26,0.0,-0.0020318698325928475
2025-08-27,0.004721713846100206,0.014229273136425302,-0.005193022862549412,0.0018041788739109332,4.24,0.0,0.0
2025-08-28,0.007989176523433672,0.007014761302237105,0.01189280397942638,0.0007338296814596301,4.22,0.0,-0.004275738409716623
2025-08-29,0.012209307578411543,-0.009133070461711856,-0.036731759955323295,0.0028852694977008486,4.23,0.0,-0.0004089655099254186
2025-09-02,0.02179231143620708,0.024683551772073153,0.025733128758534063,0.002940749365024642,4.28,0.002950901819104068,0.0064437445478544575
2025-09-03,0.012340127918300414,-0.024698813960013055,0.004699840343410866,-0.006818667442679227,4.22,0.0,-0.0026422980914495575
2025-09-04,-0.007625487786955487,-0.007659866642432012,-0.008947195185422974,0.0020988615312806935,4.17,0.0,0.002139790969825528
2025-09-05,0.01329292211977151,-0.025362328638335097,-0.0006558419928113235,-0.0003031234597824506,4.1,0.0,-0.005897324250668912
2025-09-08,0.0068914388411576155,0.00630352992373262,0.012837168331788718,0.004825879723410198,4.05,0.0,-0.0032729846150291175
2025-09-09,0.0014293040412012292,0.005942864705379636,-0.004826232823193166,0.004778174989349404,4.08,0.0,0.0034890095221422612
2025-09-10,8.235633192543723e-05,0.016605414068235458,0.02174124101370767,-0.00564072504420543,4.04,0.0,-0.00010228178890303585
2025-09-11,-0.001838894261971813,-0.02041776777833515,0.013620945043858246,5.857199639236477e-05,4.01,0.0,-0.0024544678540162623
2025-09-12,0.00343699313581447,0.0051306669922135395,0.005142859655061782,0.0026755139493519486,4.06,0.0,0.0001025439423474328
2025-09-15,0.008987792433232666,0.009730429473828073,-0.005656280781067169,-0.0007035886474967556,4.05,0.0,-0.002562788233510971
2025-09-16,0.0018195511543968035,0.019273260990682273,0.012112382641498831,0.0031762058226916245,4.04,0.0,-0.006885979211978421
2025-09-17,-0.0019246533393638687,-0.00728446397647331,-0.0032066883445814875,0.009152790526439691,4.06,0.0,0.0024837576320597687
2025-09-18,-0.010348225637178965,-0.007494197253132273,0.005741425944741474,-0.003796270085562381,4.11,0.0,0.0049550502108970385
2025-09-19,0.007629620770278844,-0.014000305079770237,-0.012364506846338497,-0.0029830694629607857,4.14,0.0,0.0029789514131779438
2025-09-22,0.01884786903768898,-0.0006381766964356217,-0.025416030362690245,-0.00458919468691954,4.15,0.0,-0.0031749033237563618
2025-09-23,0.010666492101799152,0.012292472306296265,-0.00651013327573835,0.005463925860591967,4.12,0.0,-0.0007191995634161508
2025-09-24,-0.012828651205417652,0.024917174265249642,0.011731809832655538,0.0011342028214857969,4.16,0.0,0.006271854790802278
2025-09-25,0.0012860868041868478,-0.00015378530796217316,-0.03776048156409062,-0.005907559229970882,4.18,0.0,0.006947995157785991
2025-09-26,0.010275936601965352,0.011388085957840577,0.0060847628462732395,-0.0069743194983751255,4.2,0.0,-0.004058868731529275
2025-09-29,0.012078471360118748,-0.03454048106512475,0.04272567545300432,0.003898836318379839,4.15,0.0,-0.0024452150793523586
2025-09-30,0.005208235492420998,-0.017021305249305896,-0.003009577997342028,0.001982573876127436,4.16,0.0,-0.0014299562231264717
2025-10-01,0.006951663932628138,-0.009459678734838994,0.04026829179914837,0.0003755697563918581,4.12,0.0,-0.0006136602296590299
2025-10-02,-0.007188118636877849,-0.021042396612934167,0.017128920845327356,-0.0001525687209337212,4.1,0.0,0.0014328051474794545
2025-10-03,0.010703986816393396,0.006613781893294535,0.013136036748664148,-0.0007620456756015637,4.13,0.0,-0.0013285360801753576
2025-10-06,0.01744484392910639,0.013304821688282953,0.020332628844412337,-0.0010776005590223958,4.18,0.0,0.003990988382896354
2025-10-07,0.007116651299544197,0.0006484181620654006,-0.026461574802715715,-0.00018737642672239652,4.14,0.0,0.0047905536416184
2025-10-08,0.016773110077421993,0.013283649779766593,0.01567280940669602,-0.0047551225397653996,4.13,0.0,0.0027388581664782308
2025-10-09,-0.02399030465921359,-0.01662671348061584,-0.013370216251727518,-0.0019424973329146278,4.14,0.0,0.006980297946963532
2025-10-10,0.007500659643053353,-0.0424320739209092,-0.06976852117831744,-0.005632840619910651,4.05,0.0,-0.005625854464970104
2025-10-13,0.033376140891845596,0.010016980259816455,0.018166518866759906,0.0031094642734201816,4.05,0.0,0.002929816895308246
2025-10-14,0.007326120075161535,-0.013279557795226826,-0.01867262888064536,-0.0030652003132498606,4.03,0.0,-0.0022161136168827866
2025-10-15,0.009229880210824382,-0.007325388408636391,-0.02064646024028005,0.0030629787385783036,4.05,0.0,-0.002624958386872489
2025-10-16,0.024731330743833713,-0.013900830048527935,-0.023443318504017374,0.0037966881314350776,3.99,0.0,-0.0040490082211958045
2025-10-17,-0.021097212477968474,0.0013923047742669947,-0.01588236351834038,0.004574577684245185,4.02,0.0,0.00040655468823547203
2025-10-20,0.03496503577998378,-0.00034759223923253035,0.03870786330108489,-0.003602179138539885,4.0,0.0,0.0016254803639010884
2025-10-21,-0.057351710352510854,0.005215563885136554,-0.019098105646452646,-0.0011179075454055276,3.98,0.0,0.0034486659895989202
2025-10-22,-0.010592765943036375,0.011760641798077565,-0.007267028792566799,-0.0037817161497502028,3.97,0.0,-0.0003032323784932789
2025-10-23,0.02005244278866991,0.05623933188935637,0.022111355667553845,0.0006965288242495316,4.01,0.0,0.00040445818918266596
2025-10-24,-0.001721027186098678,-0.004693330817777452,0.008759859251149305,0.0008249220313643058,4.02,0.0,0.00010101583373089973
2025-10-27,-0.028287685208447266,-0.0030894085643736746,0.02778796063308908,0.0011747476354981856,4.01,0.0,-0.0017180209619839237
2025-10-28,-0.008920750654199727,-0.018920238483593477,-0.01019252462848308,0.001724439736437322,3.99,0.0,-0.0009110785483174011
2025-10-29,0.0044122838524138785,0.005486251171838097,-0.025681284408657135,0.0005246466257384785,4.08,0.0,0.005370339104121102
2025-10-30,0.00441802793181556,0.001488097772306407,-0.015898895718551742,-0.004676089129250993,4.11,0.0,0.0031243454422480443
2025-10-31,-0.004773472977074977,0.0067690250863108314,0.011547120379193476,-0.0026617087187807975,4.11,0.0,0.0027127928842805016
2025-11-03,0.004545250835765735,0.0011479123540454328,-0.027462084408902965,-0.00383881271845421,4.13,0.002522783697512576,0.0007013997262901306
2025-11-04,-0.013149038075696118,-0.008026173135020742,-0.046523840630681046,-0.0007718380054317908,4.1,0.0,0.0035045405476676894
2025-11-05,0.008257997836581543,-0.01585209506935914,0.02265282648549194,-0.0029173258419082915,4.17,0.0,-0.00019960359426529628
2025-11-06,-0.00010053173867952125,-0.0028523183439194133,-0.02493503798083263,0.0009772937991558983,4.11,0.0,-0.004690554946337744
2025-11-07,0.004899620713705977,0.005384480787161472,0.020445121741957006,0.004561919954874316,4.11,0.0,-0.0013035684190966235
2025-11-10,0.02810419190086022,0.006359850512388965,0.025385763911246917,-0.0004617997950285835,4.13,0.0,0.00020084611212256576
2025-11-11,-0.0012160125097286922,0.015133873794235697,-0.028294541304540788,0.0011557557451913336,4.13,0.0,-0.0016061399086327866
2025-11-12,0.023765487069725033,-0.04177587154019646,-0.012954505253314763,0.0026187998451556727,4.08,0.0,0.00020112882209000205
2025-11-13,-0.004162306252134762,0.0034193356557179477,-0.01933536967351135,0.0004056464170609786,4.11,0.0,-0.0030157121193633563
2025-11-14,-0.02371678497303309,0.023854175475168438,-0.053157837862490065,0.0034314281509766342,4.14,0.0,0.0009074040896723812
2025-11-17,-0.004721608857772397,-0.0029955118109286083,-0.024406440928130158,-0.0014287326216215757,4.13,0.0,0.0032235288168167564
2025-11-18,-0.0017206203859069236,0.01385414510380012,0.009284005043766586,-0.002132669270616616,4.12,0.0,-0.00040157935137519196
2025-11-19,0.004038091780114161,-0.021402749684458544,-0.015953746750565823,-0.0008106653194661639,4.13,0.0,0.0068307411786039385
2025-11-20,-0.005198997333235034,-0.00504709360685851,-0.05285126891851111,-0.0034967590310897023,4.1,0.0,-0.000698390626357015
2025-11-21,0.0049796502334216175,-0.018261718422446616,-0.017790340109098413,-0.0005306256310669832,4.06,0.0,0.0001996469881717644
2025-11-24,0.003728493966671742,0.013434356886799836,0.03737042317351125,-0.0023360129840279686,4.04,0.0,-0.0003992904312786205
2025-11-25,0.01155949414638835,-0.015125754373562672,-0.010520742688141405,0.0010828438194874224,4.01,0.0,-0.004793246759183467
2025-11-26,0.006281406738781081,0.012079391781252946,0.03636830551491177,0.0038857634592328605,4.0,0.0,-0.000602098994414324
2025-11-28,0.012748393086785548,-0.001705068818697919,0.004428918129616433,0.003027638904479657,4.02,0.0,-0.0014056163834662572
2025-12-01,0.004978309027884764,0.013151160850507493,-0.05056898866147219,0.00013914779273482836,4.09,0.00297788428704604,-0.0005026686388848178
2025-12-02,-0.012431229084807538,-0.011463255372118786,0.05825464938016567,0.0005340106853513049,4.09,0.0,-0.0005029981884697721
2025-12-03,0.0030334177459079292,0.005286517334884833,0.023837949867722363,0.0017441337417734015,4.06,0.0,-0.005132871709919606
2025-12-04,0.0029766867290701438,0.012213696296650589,-0.014821043775501641,0.003348405480923855,4.11,0.0,0.0014162811513354079
2025-12-05,0.0002611941942316509,0.0068711861017412,-0.029887330373216225,-0.002060723075929638,4.14,0.0,0.0
2025-12-08,-0.006100241550233032,-0.019973380931542994,0.01401137407571107,-0.00022115992647664395,4.17,0.0,0.0010101876581383173
2025-12-09,0.004657049840088856,-0.010699746207314398,0.022633530616329445,0.00010466455726287904,4.18,0.0,0.0013119879666680934
2025-12-10,-0.002448544581386547,0.0036051344973846433,-0.007236522211271801,-0.0011278422618286044,4.13,0.0,-0.004333806691045106
2025-12-11,0.021232508752677903,-0.014710924115973745,0.005329119618741718,0.006271748856121917,4.14,0.0,-0.004453916766156141
2025-12-12,0.0034068597961147695,-0.0027777752022684066,-0.024223213861206738,0.003263644397137,4.19,0.0,0.0005084194461981717
2025-12-15,0.001534870702160518,-0.010793853529036612,-0.042656642849050797,-0.00015262371126645302,4.18,0.0,-0.0025406503671064895
2025-12-16,-0.0005108772871849077,-0.027279113787143094,0.01648005936140917,0.0014458302179327642,4.15,0.0,0.0
2025-12-17,0.009989545824137469,0.012122275436876606,-0.01935507109105894,-0.00043476576500012243,4.16,0.0,0.002241479544400571
2025-12-18,-0.001840138010350767,0.0037540740851871313,-0.007908292107279613,-0.0006105804521927549,4.12,0.0,0.0006099172198692493
2025-12-19,0.005046641858220902,0.009082783751985346,0.03090097713717843,-0.0014187562314870172,4.16,0.0,0.0017270971087903764
2025-12-22,0.019076488553088078,0.023826305643429135,0.004388399175577984,-0.001498647547091836,4.17,0.0,-0.0031439915151226794
2025-12-23,0.008594633081026481,0.006378258184584151,-0.01215974047919599,0.00494162732000869,4.18,0.0,-0.003560875682785958
2025-12-24,-0.000490699368048908,-0.0005139190381161507,0.0022646365284737513,0.002512564596030664,4.15,0.0,0.00040842265193208327
2025-12-26,0.010824442919012078,-0.027592062343726353,-0.0035443933302842234,-0.000860452476322382,4.14,0.0,0.0004081780441169691
2025-12-29,-0.04504206036549452,0.023616498289537935,-0.0018704053654620134,-0.0010712826260232955,4.12,0.0,0.00020408358647250324
2025-12-30,0.010404383478751278,-0.002238310330867188,0.014826942349620564,1.184727465619595e-05,4.14,0.0,0.002039952533400058
2025-12-31,-0.010182833117224455,-0.009145860000283057,-0.01041844740246467,-0.0021732909698711778,4.18,0.0,0.0004071754519257009
2026-01-02,-0.0025892812695673673,-0.0017415269472296213,0.027835673722204746,0.0002702361791140362,4.19,0.00170842649932057,0.001424495231861389
2026-01-05,0.028393288237711367,0.017445917748152073,0.043780896264292934,-0.0038976338251188736,4.17,0.0,-0.001524096003552411
2026-01-06,0.010209897443217208,-0.020404640482441505,-0.0016352711961346023,0.0008786396657685103,4.18,0.0,0.0031546270334603665
2026-01-07,-0.00734023229471259,-0.01995447870356648,-0.025829527204251357,-0.002279181057825763,4.15,0.0,0.0010143890471059347
2026-01-08,8.998958096251286e-05,0.03161272709422214,-0.003076724046541912,-0.0009809465062883271,4.19,0.0,0.0025334414189992494
2026-01-09,0.009124122433634918,0.023545717622442286,-0.005646925984974294,-0.0016203858257893833,4.18,0.0,0.002021600602701179
2026-01-12,0.02538805980861092,0.006427623054476861,0.00751151615913348,-0.0029292407268151077,4.19,0.0,-0.0027236623680737537
2026-01-13,-0.0032794583357990126,0.02773111808199835,0.04527528885126264,0.0037218942678871603,4.18,0.0,0.0027311009649955142
2026-01-14,0.00808411221913885,0.01422729207155582,0.016864423365986925,-0.002095745455871878,4.15,0.0,0.0
2026-01-15,-0.0021615546813174014,-0.04563047097979234,-0.01421799419905967,0.0003261161157679382,4.17,0.0,0.001916699754571205
2026-01-16,-0.00604378041378939,0.004223686531514614,-0.00027284132392391136,-0.003204108235253411,4.24,0.0,0.0007047895191230058
2026-01-20,0.03731152448701147,0.015141344997853023,-0.07552161305742966,0.0025955136921662625,4.3,0.0,-0.007546030834145623
2026-01-21,0.01516928009704066,0.004640350987550779,0.012071608510981546,0.007623096274352648,4.26,0.0,0.0012165728641988505
2026-01-22,0.015936090714126827,-0.020785192077436232,0.000956534957143873,-0.004680807074818993,4.26,0.0,-0.004050238125017036
2026-01-23,0.013730523408316264,0.028807261908526005,0.00046300848627667257,0.006993976815965253,4.24,0.0,-0.007726739848662456
2026-01-26,0.02079900243914934,-0.007204824445844471,-0.013817662922415375,0.008834557986110658,4.22,0.0,-0.005737679993327416
2026-01-27,3.9314727950712225e-05,0.02902850553401648,0.009464787027023913,0.001520166432187775,4.24,0.0,-0.008450120435778086
2026-01-28,0.043642630676681726,0.013143127149321199,0.0009202877056453396,0.011885512757212613,4.26,0.0,0.0023903110020913054
2026-01-29,0.0031688177867144063,0.034962808360734954,-0.05183614563372574,-0.0033178823522642675,4.24,0.0,-0.001762552351728508
2026-01-30,-0.11366200569716556,-0.0032100136097579224,-0.005119696877728619,-0.001005107546706574,4.26,0.0,0.007374315470237702
2026-02-02,-0.019389444883695095,-0.04707866489688739,-0.06466156560060354,-0.009740094775813501,4.29,0.0026700307420970404,0.006392440047817027
2026-02-03,0.06083292489183334,0.017219177749178805,-0.03882661934945053,-0.004259234201038908,4.28,0.0,-0.0017416060637468478
2026-02-04,0.0034055318159975645,0.03053314876016011,-0.03455931736640505,0.0014769417545619223,4.29,0.0,0.001847293726044974
2026-02-05,-0.011990895287168901,-0.028400345278711825,-0.14129892381358544,-0.0012272882317434508,4.21,0.0,0.002048729180651243
2026-02-06,0.01847210572523683,0.004108047365652956,0.1252476912623226,-0.002014054237948315,4.22,0.0,-0.0019423680433350299
2026-02-09,0.020136472592168664,0.01274589115681124,-0.006159832312600089,0.004068019076531648,4.22,0.0,-0.008296605360862852
2026-02-10,-0.009325090294185823,-0.006215064047320307,-0.018921927121284043,0.0066187273725237805,4.16,0.0,-0.00020653421947380846
2026-02-11,0.013549761304446184,0.010475268582484487,-0.02619404614799148,-0.0012127167217913515,4.18,0.0,0.0003099047350323403
2026-02-12,-0.029162374693560533,-0.02769607267367502,-0.011495780977477277,-0.001140094572404049,4.09,0.0,0.001032722010019027
2026-02-13,0.019964620262842958,0.0007956594038691644,0.039805596623848194,-0.0006410125790435872,4.04,0.0,-0.000515867652949531
2026-02-17,-0.027698147681451624,-0.008904397583535784,-0.019803480994131428,-0.0015641860160988674,4.05,0.0,0.0028902396431638167
2026-02-18,0.021216920217128177,0.04588481511846543,-0.015836888807606253,0.00016598922941168937,4.09,0.0,0.005557773423010115
2026-02-19,-0.0021257590807680637,0.01902128880703846,0.008012052068341324,-0.005316708197320219,4.08,0.0,0.0023541797760282535
2026-02-20,0.016760767696405443,-0.0006021513675084078,0.015650197075734784,-0.001671319050741693,4.08,0.0,-0.0013274507608789232
2026-02-23,0.028739231956620648,-0.0012050283444823284,-0.049829609174084744,0.005574177676609837,4.03,0.0,-0.0010225572637525548
2026-02-24,-0.009395428898871239,-0.010254868499654402,-0.008305824880296298,-0.0034555842194653463,4.04,0.0,0.0018423777973208821
2026-02-25,0.00981420915727682,-0.0031997423931283686,0.060550552894326426,-0.0015779217504044984,4.05,0.0,-0.0018389896835583341
2026-02-26,-0.005742913127032345,-0.0032100136097579224,-0.007450715585058165,0.003391044669744714,4.02,0.0,0.0009212279436694448
2026-02-27,0.010431758910460776,0.027756442018180172,-0.023304501473983996,-0.0010269109594140957,3.97,0.0,-0.0018406821095263703
2026-03-02,0.012216786606203955,0.06281717285497268,0.043927986557364296,-0.0036924180141600926,4.05,0.008651438343614481,0.007888501570040285
2026-03-03,-0.03532033912232768,0.046749881296137996,-0.007011227255569463,-0.005287220155504313,4.06,0.0,0.00681038643062748
2026-03-04,0.002506224931178025,0.0013412836211137424,0.06467555605177866,-0.007269282646370057,4.09,0.0,-0.002826919738155631
2026-03-05,-0.010722313294558417,0.0850522121973023,-0.025710882421896564,0.0020129234448502675,4.13,0.0,0.005568523544102311
2026-03-06,0.015951729627923683,0.12208368261757263,-0.03817885179689062,-0.00236797414602119,4.15,0.0,-0.0033226120828502292
2026-03-09,-0.010609995262454652,0.04257420299476822,0.0039023233580666172,-0.007305738373026283,4.12,0.0,0.0019194105011270945
2026-03-10,0.02714331637287626,-0.11944708342091537,0.022287806357257578,0.008155250175064799,4.15,0.0,-0.0035289218899391406
2026-03-11,-0.011912784794927855,0.045536287486201754,0.003975020350486469,-0.0005109159412441944,4.21,0.0,0.004047369406738444
2026-03-12,-0.009985698539191068,0.09719201555224743,0.004110513591636167,-0.005863906768851401,4.27,0.0,0.005139519193619879
2026-03-13,-0.012373393624492413,0.031129171869220817,0.006735442992662266,-0.0018665417486131153,4.28,0.0,0.006216189691811369
2026-03-16,-0.011578426521523966,-0.0527808644797384,0.0548529723562623,-0.007512824009417773,4.23,0.0,-0.0064766991024894915
2026-03-17,0.0014016820184221679,0.02898394742751509,-0.01253801442025071,0.005634736942403462,4.2,0.0,-0.0013037534310661458
2026-03-18,-0.02221557641596683,0.0011433386487715858,-0.0362122396594321,0.0034733794480967806,4.26,0.0,0.005121455085943749
2026-03-19,-0.059142255016843004,-0.0018687739383937974,-0.01870697238447039,-0.00650029715850764,4.25,0.0,-0.008592197146793823
2026-03-20,-0.006586017710874081,0.02267526855643509,0.008722250723753211,0.009863996366470618,4.39,0.0,0.004232572354498032
2026-03-23,-0.036386269963426976,-0.10364119683721551,0.005562380225927255,-0.0015027864100330968,4.34,0.0,-0.0070246318807623
2026-03-24,-0.0010899600059736114,0.04788382335436259,-0.005598262529164066,0.004062547306669995,4.39,0.0,0.0048509688907283355
2026-03-25,0.03420998947142473,-0.02198157891540986,0.011231529778693128,0.0006504217008531654,4.33,0.0,0.0017097271288699645
2026-03-26,-0.03830933495313904,0.046058499514673557,-0.03531428903229905,-0.004578320252100587,4.42,0.0,0.00301207887905508
2026-03-27,0.026625528511027285,0.05461468934564939,-0.035662044616623034,-0.0022839647342894898,4.44,0.0,0.002502502464279077
2026-03-30,0.0075690115761353205,0.03251704018081436,0.005322263508866554,-0.0037349885054620557,4.35,0.0,0.003594614127475193
2026-03-31,0.026867012297006276,-0.014580093701841212,0.02311941479563351,-0.0027847987291541587,4.3,0.0,-0.005472122575545857
2026-04-01,0.029176369482527553,-0.012428433033849107,-0.002268068291422898,0.009965414754568247,4.33,0.0064003778463364025,-0.0031012161007702987
2026-04-02,-0.02753390824861668,0.11406310283321641,-0.017479577533077273,0.0014140271201934507,4.31,0.0,0.0038133190928180127
2026-04-06,0.0011393754030957215,0.007799916975443688,0.029470772110846255,-0.006951953937918365,4.34,0.0,-0.0004998042884474252
2026-04-07,6.44848353685834e-05,0.0048037831913605444,0.04474125312086663,0.002712089803667217,4.33,0.0,-0.0034007197026322267
2026-04-08,0.019840651995058467,-0.16414337128869982,-0.011361353371537541,0.012598292139696543,4.29,0.0,-0.005118447805645632
2026-04-09,0.008990461166964892,0.03664864898063036,0.009061281070850802,-0.00233193630685391,4.29,0.0,-0.003127182156590358
2026-04-10,-0.0063228353853806984,-0.013282957139829299,0.016876904061948084,0.0027357273290540274,4.31,0.0,-0.0017202810106283772
2026-04-13,-0.0040950041789837854,0.025991530953323405,0.02063049346997925,-0.0013776420653233146,4.3,0.0,-0.0028383048653416454
2026-04-14,0.017417362381318302,-0.07872429256771618,-0.004068372317531099,0.008026383151998218,4.26,0.0,-0.0025414251603107507
2026-04-15,-0.005181347150259086,0.00010957642817954749,0.008404626904874313,0.0025958134948469436,4.29,0.0,-0.0006115489839850774
2026-04-16,-0.0030416870117186967,0.03724396419959497,0.004639453579876829,0.0008266264648577604,4.32,0.0,0.001631691475555641
2026-04-17,0.015087599111024863,-0.11447886458755652,0.02627659540184779,-0.0022385881066531166,4.26,0.0,-0.0012217750467380384
2026-04-20,-0.010499011646637357,0.06869412332795921,-0.016263482249216032,-0.0035224363086130417,4.26,0.0,-0.0005096373408862709
2026-04-21,-0.022510754611198003,0.028121823746258157,0.0063296958930805225,0.0036767259077137293,4.3,0.0,0.003671602235050919
2026-04-22,0.007257810821773569,0.009009029152271086,0.024233934691509473,-0.0034058084268165922,4.3,0.0,0.0018290079167078144
2026-04-23,-0.0057897310816165115,0.03108863401582318,0.0008420581944230676,-0.0032543301491088084,4.34,0.0,0.0021301016499426506
2026-04-24,0.0036555454027040746,-0.0151277722621318,-0.010395445352393673,-0.0018928207438571043,4.31,0.0,-0.002935231847871478
2026-04-27,-0.009931580857529543,0.020868656661653606,-0.0011450150691729721,0.001931610263245842,4.35,0.0,-0.000304525212124207
2026-04-28,-0.01794496815164226,0.0369409303427668,-0.013131671764148978,0.001453755829508685,4.36,0.0,0.001421602202236194
2026-04-29,-0.010083808055646348,0.06954865332750537,-0.007525003361340765,-0.00048045845803645904,4.42,0.0,0.00304193281290166
2026-04-30,0.01529085563088639,-0.016934857832211048,0.00697036758667724,-0.002827674525353596,4.4,0.0,-0.008491673609374972
2026-05-01,0.003293758291533111,-0.029789637979528494,0.024568460603834108,0.0038002060226056678,4.39,0.004729142286413968,0.0013254205851453982
2026-05-04,-0.02384498686199743,0.04394737708696961,0.021091421609383598,-0.0002110968437515348,4.45,0.0,0.0026474100260081013
2026-05-05,0.008031818716119021,-0.03899644425186566,0.013768974900303155,-0.0029580129488546714,4.43,0.0,0.00010157546568989595
2026-05-06,0.027679025212324904,-0.07030404857746897,0.006184292316489204,0.0020384565072011362,4.36,0.0,-0.004671067203358303
2026-05-07,0.0038232133785665035,-0.002839758805859849,-0.017408596831308243,0.002702000345139677,4.41,0.0,0.002346494233938179
2026-05-08,0.0043831862020387025,0.006433927075829571,0.0022093920105095144,-0.0013491354522860988,4.38,0.0,-0.004173065263199716
2026-05-11,-0.0003600769143322635,0.02777197208898441,0.01922426023776902,0.00317757127104068,4.42,0.0,0.0010221392810587648
2026-05-12,-0.008710046401565918,0.04190884697808839,-0.015304426194186482,0.0009423207141905365,4.46,0.0,0.0035736008310853773
2026-05-13,0.004297096211008045,-0.01135255097518939,-0.014915661104390687,-0.0037786875142813425,4.46,0.0,0.0019330800654844271
2026-05-14,-0.004172275122156011,0.001484869638324282,0.022378876470797504,-0.00165200553654965,4.47,0.0,0.004061676308383166
2026-05-15,-0.02614315436089598,0.0420085013039424,-0.024497713637975926,-0.0046064690808583775,4.59,0.0,0.003944168694189232
2026-05-18,-0.000724308536144358,0.030734258674256942,-0.026705744146455768,-0.0040883741383656025,4.61,0.0,-0.0030220150348341246
2026-05-19,-0.01014831308347064,-0.008190750865521235,-0.002641385386229267,0.003508207954415088,4.67,0.0,0.003334362200509311
2026-05-20,0.0055477888918964435,-0.08824343326587425,0.009209887179670861,-0.004120467470440481,4.57,0.0,-0.0019134182836550995
2026-05-21,0.0018758414508805998,-0.019438261964021764,0.0010508749979196708,0.0015694132339709732,4.57,0.0,0.0008072024070426842
2026-05-22,-0.0041411087484714,0.0025947068392238037,-0.02645023976792371,-0.0003602322836829819,4.56,0.0,0.0013105882671469171
2026-05-26,-0.004556535646151327,-0.02805382119336841,0.004470791446722577,0.0013964159512083185,4.5,0.0,-0.001510285202776851
2026-05-27,-0.011754489265765167,-0.05549045817809506,-0.019532039646005694,-4.650619162338554e-05,4.48,0.0,0.0004033570259744934
2026-05-28,0.011646948777403132,0.002480843707104441,-0.010870289388891785,-0.0016265631135272685,4.45,0.0,-0.0019151541493763746
2026-05-29,0.013602159884686937,-0.01732284464673539,-0.00223060831034394,0.00300642050341815,4.45,0.0,-0.001110815842112367
2026-06-01,-0.018704046636881966,0.054945089494299326,-0.02797709420132688,-0.0003377967447728558,4.47,0.0,0.00293189035887087
2026-06-02,0.003105984478260826,0.017361093864397548,-0.06472422674681189,-0.0011518852142697877,4.46,0.0,0.000201655978592008
2026-06-03,-0.011672696354244283,0.02410403642645198,-0.04031696632071802,-0.0011505497999039216,4.49,0.0,0.0031243454422480443
2026-06-04,0.008812767970283408,-0.031035157589273332,-0.0033241439086123536,-0.0010913580545762747,4.47,0.0,-0.0012056175892615206
2026-06-05,-0.030988809393572514,-0.02687016310618695,-0.04512280904119048,0.000278785186618391,4.55,0.0,0.006639130956660466
2026-06-08,-0.00027672760265518015,0.00839410347410463,0.035584815098905764,-0.007754740696302886,4.56,0.0,-0.00019982655268713234
2026-06-09,-0.017504994131142815,-0.033954063525695855,-0.022932240724538477,0.0005072495404958577,4.53,0.0,-0.0013992942066778369
2026-06-10,-0.0356337569688967,0.020748320797886022,-0.0031550982687325035,0.000599849629144833,4.55,0.0,0.00040029311046851923
2026-06-11,-0.004357174829210941,-0.025769185008116646,0.0343659895373587,2.304538452602145e-05,4.45,0.0,-0.0009004136131913754
2026-06-12,0.030486749060769203,-0.03226544134756104,-0.000280918383714468,0.003495893934150507,4.48,0.0,-0.001101548264362373
2026-06-15,0.026809015421115134,-0.04865689664300343,0.04321942890844621,0.002343828039639062,4.47,0.0,-0.0012030350534540935
2026-06-16,0.0006700328890365537,-0.05820429657265869,-0.010391681563445165,-0.0007652025968393206,4.43,0.0,-0.0009033056345639778
2026-06-17,0.006465169048318842,0.009730412019390844,-0.01802109402037566,0.0013584316222152726,4.49,0.0,0.00552537087909033
2026-06-18,-0.030925189315546997,-0.00247431226905781,-0.0236263487711752,-0.008837644086219565,4.46,0.0,0.007593187771381293
2026-06-22,-0.009990339797088299,-0.023237582438049742,0.01678365682395877,-0.0038744178920201433,4.51,0.0,0.0016856536590721394
2026-06-23,-0.012434539614603501,-0.02151831885750377,-0.02007886883610832,-0.003108158012609441,4.5,0.0,0.0038606912690859474
2026-06-24,-0.033802236571496835,-0.03920233277520613,-0.026694424544815853,-0.004164921024651491,4.41,0.0,0.0019721619270280932
2026-06-25,0.010074418133964924,0.02246235304683375,-0.02087801063020267,-0.0022254692404617415,4.4,0.0,-0.0017714821778817003
2026-06-26,0.011958801928265705,-0.03740259844963745,0.004935459402204856,0.000658924755748469,4.38,0.0,-0.0006901281141044047
2026-06-29,-0.01382791159412089,0.02195574995467875,0.002031930579426078,0.002106415312577603,4.38,0.0,-0.002466456180885923
2026-06-30,0.00014913196637333925,-0.017667844522968212,-0.026264750729518727,0.003198107834186281,4.44,0.0,0.0007912355906609658
2026-07-01,0.011285427822333993,-0.01323738372583183,0.024674292718837698,-0.0007645980459228818,4.48,0.0,0.00197644968294175
2026-07-02,0.010913685311181531,0.001603975027917759,0.024690836420271145,-0.0030948867782815137,4.49,0.0,-0.005227327966144446
2026-07-06,0.014759088712674284,-0.0010190667103837647,0.03688178265676689,0.0058252103714078185,4.48,0.0,-2.9727860724193533e-05
2026-07-06,0.0,0.0,0.0,,4.48,0.0,0.0
2026-07-06,0.0,0.0,,,4.48,0.0,0.0
2026-07-06,0.0,0.0,,,4.48,0.0,0.0
2026-07-06,0.0,,,,4.48,0.0,0.0
2026-07-06,0.0,,0.0,,4.48,0.0,0.0
2026-07-06,0.0,,,,4.48,0.0,0.0
2026-07-06,0.0,,,,4.48,0.0,0.0
2026-07-06,,,,,4.48,0.0,0.0
2026-07-06,,0.0,0.0,,4.48,0.0,0.0
2026-07-06,,0.0,,,4.48,0.0,0.0
2026-07-06,,0.0,,,4.48,0.0,0.0
2026-07-06,,,,,4.48,0.0,0.0
2026-07-06,,,0.0,,4.48,0.0,0.0
2026-07-06,,,,,4.48,0.0,0.0
2026-07-06,,,,,4.48,0.0,0.0
