Date,Asset,30D_Volatility
2024-07-08,Gold,
2024-07-09,Gold,
2024-07-10,Gold,
2024-07-11,Gold,
2024-07-12,Gold,
2024-07-15,Gold,
2024-07-16,Gold,
2024-07-17,Gold,
2024-07-18,Gold,
2024-07-19,Gold,
2024-07-22,Gold,
2024-07-23,Gold,
2024-07-24,Gold,
2024-07-25,Gold,
2024-07-26,Gold,
2024-07-29,Gold,
2024-07-30,Gold,
2024-07-31,Gold,
2024-08-01,Gold,
2024-08-02,Gold,
2024-08-05,Gold,
2024-08-06,Gold,
2024-08-07,Gold,
2024-08-08,Gold,
2024-08-09,Gold,
2024-08-12,Gold,
2024-08-13,Gold,
2024-08-14,Gold,
2024-08-15,Gold,
2024-08-16,Gold,
2024-08-19,Gold,0.010337396714472877
2024-08-20,Gold,0.010342226521668638
2024-08-21,Gold,0.010342922146824774
2024-08-22,Gold,0.010170269728375723
2024-08-23,Gold,0.010361243584091918
2024-08-26,Gold,0.010361407123886605
2024-08-27,Gold,0.009971873123921756
2024-08-28,Gold,0.010023866143157126
2024-08-29,Gold,0.010155537692385669
2024-08-30,Gold,0.009465156811206403
2024-09-03,Gold,0.009466241881251124
2024-09-04,Gold,0.00943778784965794
2024-09-05,Gold,0.009491654748335356
2024-09-06,Gold,0.008209907709307847
2024-09-09,Gold,0.007997230969432133
2024-09-10,Gold,0.007991401423819496
2024-09-11,Gold,0.007780670481379425
2024-09-12,Gold,0.008087576593520822
2024-09-13,Gold,0.008290490401522492
2024-09-16,Gold,0.008230776008461364
2024-09-17,Gold,0.008072725087460281
2024-09-18,Gold,0.007948695768399804
2024-09-19,Gold,0.007977426859096914
2024-09-20,Gold,0.007936397535461779
2024-09-23,Gold,0.007931761778601448
2024-09-24,Gold,0.007819632204063405
2024-09-25,Gold,0.00781887899929628
2024-09-26,Gold,0.0073869322558517865
2024-09-27,Gold,0.007718277366656267
2024-09-30,Gold,0.007161321370560224
2024-10-01,Gold,0.0073899472976273126
2024-10-02,Gold,0.007592102668577314
2024-10-03,Gold,0.007579644916913382
2024-10-04,Gold,0.0072271250315371766
2024-10-07,Gold,0.007003001650633852
2024-10-08,Gold,0.007384910042989975
2024-10-09,Gold,0.007427459816234391
2024-10-10,Gold,0.007342615851715991
2024-10-11,Gold,0.007545881187625825
2024-10-14,Gold,0.007124063778672155
2024-10-15,Gold,0.007112725055456467
2024-10-16,Gold,0.00712509780762479
2024-10-17,Gold,0.007106542150194536
2024-10-18,Gold,0.006958902111412197
2024-10-21,Gold,0.006959268033278549
2024-10-22,Gold,0.0070129238700282525
2024-10-23,Gold,0.007437906373525888
2024-10-24,Gold,0.007092599441046471
2024-10-25,Gold,0.00686424778167146
2024-10-28,Gold,0.00685420727665619
2024-10-29,Gold,0.006792125522777334
2024-10-30,Gold,0.006845626570443038
2024-10-31,Gold,0.007774448973701243
2024-11-01,Gold,0.0075261825141171666
2024-11-04,Gold,0.007536321021553728
2024-11-05,Gold,0.0073831976162324715
2024-11-06,Gold,0.008931106751924107
2024-11-07,Gold,0.009146774198918094
2024-11-08,Gold,0.008992746855210853
2024-11-11,Gold,0.010421513676657099
2024-11-12,Gold,0.010189218256631005
2024-11-13,Gold,0.010184953292617684
2024-11-14,Gold,0.010173610919050191
2024-11-15,Gold,0.010155983459336456
2024-11-18,Gold,0.010702010912058902
2024-11-19,Gold,0.010565780190395363
2024-11-20,Gold,0.010636518358856203
2024-11-21,Gold,0.010710226849980695
2024-11-22,Gold,0.010711402655618745
2024-11-25,Gold,0.012465019170836977
2024-11-26,Gold,0.012426953272701635
2024-11-27,Gold,0.012476411130933287
2024-11-29,Gold,0.012478656058629911
2024-12-02,Gold,0.012446867262071485
2024-12-03,Gold,0.01245004583188387
2024-12-04,Gold,0.012371484383007374
2024-12-05,Gold,0.012355285786454678
2024-12-06,Gold,0.012295760588113304
2024-12-09,Gold,0.012448963081202307
2024-12-10,Gold,0.012676069607327435
2024-12-11,Gold,0.012807339641119506
2024-12-12,Gold,0.013071426840827917
2024-12-13,Gold,0.012840361380710907
2024-12-16,Gold,0.012839591199178943
2024-12-17,Gold,0.012843070226149642
2024-12-18,Gold,0.012838159281652318
2024-12-19,Gold,0.01228754517935726
2024-12-20,Gold,0.012384283262844277
2024-12-23,Gold,0.012410620437755225
2024-12-24,Gold,0.011281907332514626
2024-12-26,Gold,0.011319620068213927
2024-12-27,Gold,0.01133992223125118
2024-12-30,Gold,0.011329971377469952
2024-12-31,Gold,0.011426275157505822
2025-01-02,Gold,0.011168309909284971
2025-01-03,Gold,0.011165928521822351
2025-01-06,Gold,0.011079230714804116
2025-01-07,Gold,0.011026576500493431
2025-01-08,Gold,0.01071142414545057
2025-01-09,Gold,0.008678114843710559
2025-01-10,Gold,0.008810249836379165
2025-01-13,Gold,0.009087205413767606
2025-01-14,Gold,0.009018742303569735
2025-01-15,Gold,0.009158731063925516
2025-01-16,Gold,0.009385738264071382
2025-01-17,Gold,0.009384084205714207
2025-01-21,Gold,0.009143295227897502
2025-01-22,Gold,0.009143349466888101
2025-01-23,Gold,0.009023148432817851
2025-01-24,Gold,0.008814214808060106
2025-01-27,Gold,0.0089223002169272
2025-01-28,Gold,0.008522290683847427
2025-01-29,Gold,0.008177100024203725
2025-01-30,Gold,0.008788009035106237
2025-01-31,Gold,0.008810391590999493
2025-02-03,Gold,0.008812057969138753
2025-02-04,Gold,0.008055994313087622
2025-02-05,Gold,0.007818178999349024
2025-02-06,Gold,0.007786719896343955
2025-02-07,Gold,0.007788634550925741
2025-02-10,Gold,0.00813156816026132
2025-02-11,Gold,0.007874774606255738
2025-02-12,Gold,0.00778950805248828
2025-02-13,Gold,0.007739505265221168
2025-02-14,Gold,0.00826663666735656
2025-02-18,Gold,0.008500877186359524
2025-02-19,Gold,0.00854651895223221
2025-02-20,Gold,0.00854825536756548
2025-02-21,Gold,0.00858293935690249
2025-02-24,Gold,0.008550692241767478
2025-02-25,Gold,0.009068535909663588
2025-02-26,Gold,0.008599676522867115
2025-02-27,Gold,0.00899445794339826
2025-02-28,Gold,0.009381276398015151
2025-03-03,Gold,0.009701776756120791
2025-03-04,Gold,0.009730998027305654
2025-03-05,Gold,0.009724368589311916
2025-03-06,Gold,0.009714910198644539
2025-03-07,Gold,0.009754961110325594
2025-03-10,Gold,0.009801451956197945
2025-03-11,Gold,0.009397990856985403
2025-03-12,Gold,0.0093491982647478
2025-03-13,Gold,0.009655630609327392
2025-03-14,Gold,0.009115232006900882
2025-03-17,Gold,0.009051068102991538
2025-03-18,Gold,0.009165576560720213
2025-03-19,Gold,0.00913246254904529
2025-03-20,Gold,0.009096904829895482
2025-03-21,Gold,0.009150876742195503
2025-03-24,Gold,0.009164820713893256
2025-03-25,Gold,0.008744721301662595
2025-03-26,Gold,0.008747192819662651
2025-03-27,Gold,0.008990921692969247
2025-03-28,Gold,0.009048686059158866
2025-03-31,Gold,0.008680791738803215
2025-04-01,Gold,0.008295464743233649
2025-04-02,Gold,0.008250253965693927
2025-04-03,Gold,0.00870704360395138
2025-04-04,Gold,0.010208060568449345
2025-04-07,Gold,0.010889681258813913
2025-04-08,Gold,0.010566413289979865
2025-04-09,Gold,0.01180222629308353
2025-04-10,Gold,0.012788616741637173
2025-04-11,Gold,0.01267338213097503
2025-04-14,Gold,0.01248860261556121
2025-04-15,Gold,0.012475222139232576
2025-04-16,Gold,0.01362363664913162
2025-04-17,Gold,0.01372456234255071
2025-04-22,Gold,0.014278079738650432
2025-04-23,Gold,0.01612291224489548
2025-04-24,Gold,0.016279917285011478
2025-04-25,Gold,0.016638468810919533
2025-04-28,Gold,0.016635713701670617
2025-04-29,Gold,0.016698644789344942
2025-04-30,Gold,0.0167558494413495
2025-05-01,Gold,0.017664761173061726
2025-05-02,Gold,0.017682850048854643
2025-05-05,Gold,0.018144663832890862
2025-05-06,Gold,0.018697292495765693
2025-05-07,Gold,0.018819827044638984
2025-05-08,Gold,0.01955605223518587
2025-05-09,Gold,0.019603919925789956
2025-05-12,Gold,0.020703073699145928
2025-05-13,Gold,0.0206817736021667
2025-05-14,Gold,0.020907090597812157
2025-05-15,Gold,0.021007669776709002
2025-05-16,Gold,0.021118588668540897
2025-05-19,Gold,0.02109098033312442
2025-05-20,Gold,0.02050918496515593
2025-05-21,Gold,0.0200561335204095
2025-05-22,Gold,0.020121949212884144
2025-05-23,Gold,0.019815114132837947
2025-05-27,Gold,0.019450892829761566
2025-05-28,Gold,0.019102895679956322
2025-05-29,Gold,0.019097260553438727
2025-05-30,Gold,0.019171151461152374
2025-06-02,Gold,0.018721948861660995
2025-06-03,Gold,0.01872975538488377
2025-06-04,Gold,0.01805812131307408
2025-06-05,Gold,0.016752887350605594
2025-06-06,Gold,0.016550187956463562
2025-06-09,Gold,0.016313634325765197
2025-06-10,Gold,0.016090412355889896
2025-06-11,Gold,0.016071585119333594
2025-06-12,Gold,0.016371104809371838
2025-06-13,Gold,0.015565964396152727
2025-06-16,Gold,0.01570507706601504
2025-06-17,Gold,0.015120157289117777
2025-06-18,Gold,0.014067347490539254
2025-06-20,Gold,0.014023164587592783
2025-06-23,Gold,0.01320662945767196
2025-06-24,Gold,0.013470265406698772
2025-06-25,Gold,0.011793467993256548
2025-06-26,Gold,0.011754610089003484
2025-06-27,Gold,0.01174127062143705
2025-06-30,Gold,0.011591228853115334
2025-07-01,Gold,0.011530322532225608
2025-07-02,Gold,0.011269191654335046
2025-07-03,Gold,0.010973064700700762
2025-07-04,Gold,0.010861458975560963
2025-07-07,Gold,0.010813485259554882
2025-07-08,Gold,0.010132743098374223
2025-07-09,Gold,0.009502897141656842
2025-07-10,Gold,0.0095006089376481
2025-07-11,Gold,0.009646935462356608
2025-07-14,Gold,0.009505792263135684
2025-07-15,Gold,0.008417333706133427
2025-07-16,Gold,0.008445731607451821
2025-07-17,Gold,0.008369342638708577
2025-07-18,Gold,0.008311050781834774
2025-07-21,Gold,0.008561884087439648
2025-07-22,Gold,0.008754353178738442
2025-07-23,Gold,0.009099674601624677
2025-07-24,Gold,0.009203918958478044
2025-07-25,Gold,0.008824423543878945
2025-07-28,Gold,0.008421869081679115
2025-07-29,Gold,0.00830385839175961
2025-07-30,Gold,0.008411499839696357
2025-07-31,Gold,0.008404544764346645
2025-08-01,Gold,0.008918093041182101
2025-08-04,Gold,0.009026266767012911
2025-08-05,Gold,0.008377422666794747
2025-08-06,Gold,0.008369337605736944
2025-08-07,Gold,0.008425276899513947
2025-08-08,Gold,0.007872704613300724
2025-08-11,Gold,0.009200707248875754
2025-08-12,Gold,0.008911006279868853
2025-08-13,Gold,0.008905654537563007
2025-08-14,Gold,0.008954734437048095
2025-08-15,Gold,0.008954713407893604
2025-08-18,Gold,0.008958144841819154
2025-08-19,Gold,0.008905435941634513
2025-08-20,Gold,0.009052348309143952
2025-08-21,Gold,0.009057880447234396
2025-08-22,Gold,0.009040896127345424
2025-08-25,Gold,0.009036456209046376
2025-08-26,Gold,0.008974669742314045
2025-08-27,Gold,0.008932852519635208
2025-08-28,Gold,0.008995687747058891
2025-08-29,Gold,0.009215512967248823
2025-09-02,Gold,0.00965924308263758
2025-09-03,Gold,0.00970905146487143
2025-09-04,Gold,0.009472914076678307
2025-09-05,Gold,0.009561665620363419
2025-09-08,Gold,0.009253876444589755
2025-09-09,Gold,0.009048580197494474
2025-09-10,Gold,0.009064387447093251
2025-09-11,Gold,0.008858125885608416
2025-09-12,Gold,0.008823966237050758
2025-09-15,Gold,0.008540848292253059
2025-09-16,Gold,0.008496360934818934
2025-09-17,Gold,0.00854321982921487
2025-09-18,Gold,0.008859813223036537
2025-09-19,Gold,0.008886601678254584
2025-09-22,Gold,0.009237681297871036
2025-09-23,Gold,0.007695929882883323
2025-09-24,Gold,0.008241153991794665
2025-09-25,Gold,0.008251558720535263
2025-09-26,Gold,0.00808795134879699
2025-09-29,Gold,0.00817781270703322
2025-09-30,Gold,0.00810309335799271
2025-10-01,Gold,0.00787422539582682
2025-10-02,Gold,0.008153356011240925
2025-10-03,Gold,0.00812725926495696
2025-10-06,Gold,0.008365012657697882
2025-10-07,Gold,0.00830656881641854
2025-10-08,Gold,0.00855209823415068
2025-10-09,Gold,0.010150445389319649
2025-10-10,Gold,0.010145848331889178
2025-10-13,Gold,0.011333329855124592
2025-10-14,Gold,0.010924205662296451
2025-10-15,Gold,0.010868632863350143
2025-10-16,Gold,0.01116502846645328
2025-10-17,Gold,0.012131632731897043
2025-10-20,Gold,0.013306844419657933
2025-10-21,Gold,0.01762363550945708
2025-10-22,Gold,0.01781213635263838
2025-10-23,Gold,0.018027063385349783
2025-10-24,Gold,0.018060830459261802
2025-10-27,Gold,0.018978799296226385
2025-10-28,Gold,0.01910186092700814
2025-10-29,Gold,0.01908516440948608
2025-10-30,Gold,0.01892388484361825
2025-10-31,Gold,0.018961494873474722
2025-11-03,Gold,0.01872467980221825
2025-11-04,Gold,0.018866884678699906
2025-11-05,Gold,0.018702245610452747
2025-11-06,Gold,0.01870660033339606
2025-11-07,Gold,0.018652965548497435
2025-11-10,Gold,0.01917104599826407
2025-11-11,Gold,0.019177111297419877
2025-11-12,Gold,0.0195562475854451
2025-11-13,Gold,0.019509774636718918
2025-11-14,Gold,0.02005031318927983
2025-11-17,Gold,0.01986636595896277
2025-11-18,Gold,0.019840944925291457
2025-11-19,Gold,0.019624559115379518
2025-11-20,Gold,0.01911005870284847
2025-11-21,Gold,0.019086454135552756
2025-11-24,Gold,0.018094725179677536
2025-11-25,Gold,0.01816998437373454
2025-11-26,Gold,0.01812718624611999
2025-11-28,Gold,0.017691759567920594
2025-12-01,Gold,0.017271981222307723
2025-12-02,Gold,0.016145133762326024
2025-12-03,Gold,0.012153781279895916
2025-12-04,Gold,0.011959584875881484
2025-12-05,Gold,0.011430622787828332
2025-12-08,Gold,0.011491230513283358
2025-12-09,Gold,0.010126973849226575
2025-12-10,Gold,0.009960160497604037
2025-12-11,Gold,0.01056005357948236
2025-12-12,Gold,0.010555302997132792
2025-12-15,Gold,0.010468771808880926
2025-12-16,Gold,0.010478193521351827
2025-12-17,Gold,0.010132550977660583
2025-12-18,Gold,0.010128871525549782
2025-12-19,Gold,0.010119293970184899
2025-12-22,Gold,0.010528724634015382
2025-12-23,Gold,0.009515325498516596
2025-12-24,Gold,0.009505350884505508
2025-12-26,Gold,0.00879533548568403
2025-12-29,Gold,0.01232489462601761
2025-12-30,Gold,0.011496852636677017
2025-12-31,Gold,0.011653946284563907
2026-01-02,Gold,0.011664873433774387
2026-01-05,Gold,0.012614442114916505
2026-01-06,Gold,0.012587154549672862
2026-01-07,Gold,0.012734269157062734
2026-01-08,Gold,0.01274440192912898
2026-01-09,Gold,0.012694852253229895
2026-01-12,Gold,0.013338682477287048
2026-01-13,Gold,0.013273535379139015
2026-01-14,Gold,0.013302393477848942
2026-01-15,Gold,0.013020686546846605
2026-01-16,Gold,0.013133152294632673
2026-01-20,Gold,0.014547187639688028
2026-01-21,Gold,0.014662642611411963
2026-01-22,Gold,0.014655751147660252
2026-01-23,Gold,0.014732923869128682
2026-01-26,Gold,0.014898878665737783
2026-01-27,Gold,0.01467680865950441
2026-01-28,Gold,0.016209943447155734
2026-01-29,Gold,0.016193231202543335
2026-01-30,Gold,0.027368708369745195
2026-02-02,Gold,0.02764945026563403
2026-02-03,Gold,0.029613336401825646
2026-02-04,Gold,0.029613851189118995
2026-02-05,Gold,0.02962859029171975
2026-02-06,Gold,0.029742594916662528
2026-02-09,Gold,0.02987900910935893
2026-02-10,Gold,0.029957130833191944
2026-02-11,Gold,0.028541047292857027
2026-02-12,Gold,0.02922366486585779
2026-02-13,Gold,0.029222830768109564
2026-02-17,Gold,0.02981363288958502
2026-02-18,Gold,0.029644284131110928
2026-02-19,Gold,0.02964561799628075
2026-02-20,Gold,0.029656244945549023
2026-02-23,Gold,0.029961289236959246
2026-02-24,Gold,0.03007860328584981
2026-02-25,Gold,0.02984937029942257
2026-02-26,Gold,0.029875032950419086
2026-02-27,Gold,0.029887900304313906
2026-03-02,Gold,0.029891889766638324
2026-03-03,Gold,0.03073187012990561
2026-03-04,Gold,0.03008305823263834
2026-03-05,Gold,0.030090051877552076
2026-03-06,Gold,0.030090301278898515
2026-03-09,Gold,0.03009203662385391
2026-03-10,Gold,0.03025624429968056
2026-03-11,Gold,0.030353697893260253
2026-03-12,Gold,0.02931910749622412
2026-03-13,Gold,0.02938457583014162
2026-03-16,Gold,0.020484025254416803
2026-03-17,Gold,0.020078659088689905
2026-03-18,Gold,0.01734319452981224
2026-03-19,Gold,0.020413888271953888
2026-03-20,Gold,0.020346716098203824
2026-03-23,Gold,0.02091427126443438
2026-03-24,Gold,0.020434243564294092
2026-03-25,Gold,0.021585074556482398
2026-03-26,Gold,0.022284357536864238
2026-03-27,Gold,0.022496438777401064
2026-03-30,Gold,0.02217531609069045
2026-03-31,Gold,0.022335548568808743
2026-04-01,Gold,0.02265842702319763
2026-04-02,Gold,0.023165871983692826
2026-04-06,Gold,0.02290411513805439
2026-04-07,Gold,0.022140943739445456
2026-04-08,Gold,0.022510989409179685
2026-04-09,Gold,0.02249596720002618
2026-04-10,Gold,0.02249908776060765
2026-04-13,Gold,0.02236639595191005
2026-04-14,Gold,0.02250823440284996
2026-04-15,Gold,0.02166547490811922
2026-04-16,Gold,0.021650787332136014
2026-04-17,Gold,0.021805433031474596
2026-04-20,Gold,0.021623561469182737
2026-04-21,Gold,0.021893595570029182
2026-04-22,Gold,0.02125883868400172
2026-04-23,Gold,0.021200663558828537
2026-04-24,Gold,0.021189730450110758
2026-04-27,Gold,0.021154940070765727
2026-04-28,Gold,0.02128211723633914
2026-04-29,Gold,0.02131138350685012
2026-04-30,Gold,0.02124277522050778
2026-05-01,Gold,0.01827270423412865
2026-05-04,Gold,0.018764421400621036
2026-05-05,Gold,0.01752219084949243
2026-05-06,Gold,0.018163632543150395
2026-05-07,Gold,0.017137446084947244
2026-05-08,Gold,0.01542882199342201
2026-05-11,Gold,0.01475455824597723
2026-05-12,Gold,0.01483222546466558
2026-05-13,Gold,0.014036765483063126
2026-05-14,Gold,0.012963021900982264
2026-05-15,Gold,0.012865719090263513
2026-05-18,Gold,0.012861466452820138
2026-05-19,Gold,0.012975875946230517
2026-05-20,Gold,0.01243482948030309
2026-05-21,Gold,0.012295083349467878
2026-05-22,Gold,0.012273406102443728
2026-05-26,Gold,0.012276857468537745
2026-05-27,Gold,0.0118610277278518
2026-05-28,Gold,0.012131723509077834
2026-05-29,Gold,0.012462426190824324
2026-06-01,Gold,0.012435932682448709
2026-06-02,Gold,0.012387975829872286
2026-06-03,Gold,0.011924630039042096
2026-06-04,Gold,0.011968834572078715
2026-06-05,Gold,0.013090995177504413
2026-06-08,Gold,0.01304551958419984
2026-06-09,Gold,0.013260610149732361
2026-06-10,Gold,0.014300045699470104
2026-06-11,Gold,0.01424865346363984
2026-06-12,Gold,0.015176289536686623
2026-06-15,Gold,0.01608733906457617
2026-06-16,Gold,0.015559712560312461
2026-06-17,Gold,0.015529904589727106
2026-06-18,Gold,0.015437443391841322
2026-06-22,Gold,0.015423400207660455
2026-06-23,Gold,0.015422523016536144
2026-06-24,Gold,0.016308863885651885
2026-06-25,Gold,0.016538133631202726
2026-06-26,Gold,0.016741651302998328
2026-06-29,Gold,0.01682648939618736
2026-06-30,Gold,0.01635927265752239
2026-07-01,Gold,0.016587745228063826
2026-07-02,Gold,0.016746328698559607
2026-07-06,Gold,0.016989346111656745
2026-07-06,Gold,0.01697575725206876
2026-07-06,Gold,0.016980143161327135
2026-07-06,Gold,0.0169817049693142
2026-07-06,Gold,0.016893111984016704
2026-07-06,Gold,0.016701910864626128
2026-07-06,Gold,0.016435944418689157
2026-07-06,Gold,0.016165193540857513
2026-07-06,Gold,
2026-07-06,Gold,
2026-07-06,Gold,
2026-07-06,Gold,
2026-07-06,Gold,
2026-07-06,Gold,
2026-07-06,Gold,
2026-07-06,Gold,
2024-07-08,Oil,
2024-07-09,Oil,
2024-07-10,Oil,
2024-07-11,Oil,
2024-07-12,Oil,
2024-07-15,Oil,
2024-07-16,Oil,
2024-07-17,Oil,
2024-07-18,Oil,
2024-07-19,Oil,
2024-07-22,Oil,
2024-07-23,Oil,
2024-07-24,Oil,
2024-07-25,Oil,
2024-07-26,Oil,
2024-07-29,Oil,
2024-07-30,Oil,
2024-07-31,Oil,
2024-08-01,Oil,
2024-08-02,Oil,
2024-08-05,Oil,
2024-08-06,Oil,
2024-08-07,Oil,
2024-08-08,Oil,
2024-08-09,Oil,
2024-08-12,Oil,
2024-08-13,Oil,
2024-08-14,Oil,
2024-08-15,Oil,
2024-08-16,Oil,
2024-08-19,Oil,0.020912767416272886
2024-08-20,Oil,0.02085998542009134
2024-08-21,Oil,0.021250356150250303
2024-08-22,Oil,0.021456569070781077
2024-08-23,Oil,0.02208976953075077
2024-08-26,Oil,0.023124977150267324
2024-08-27,Oil,0.023393065253379395
2024-08-28,Oil,0.022873920598786495
2024-08-29,Oil,0.023218242519043485
2024-08-30,Oil,0.023157922397195024
2024-09-03,Oil,0.024341639514393346
2024-09-04,Oil,0.023732255495130323
2024-09-05,Oil,0.023639588981975178
2024-09-06,Oil,0.02373609494673016
2024-09-09,Oil,0.02393391487164582
2024-09-10,Oil,0.024883697653583906
2024-09-11,Oil,0.02532921237743252
2024-09-12,Oil,0.024409484201321448
2024-09-13,Oil,0.024204548995215774
2024-09-16,Oil,0.023748116138573236
2024-09-17,Oil,0.02391285675972471
2024-09-18,Oil,0.023907747106783915
2024-09-19,Oil,0.023485674510222845
2024-09-20,Oil,0.023337990446777878
2024-09-23,Oil,0.02353064539478242
2024-09-24,Oil,0.022309110319522645
2024-09-25,Oil,0.02245744282977018
2024-09-26,Oil,0.02279729813745069
2024-09-27,Oil,0.022612717414881668
2024-09-30,Oil,0.022443743308476663
2024-10-01,Oil,0.022448454040152985
2024-10-02,Oil,0.022466668798670975
2024-10-03,Oil,0.0238648815711621
2024-10-04,Oil,0.023770007727877837
2024-10-07,Oil,0.02429288429663741
2024-10-08,Oil,0.024948295903485646
2024-10-09,Oil,0.024576906574027037
2024-10-10,Oil,0.025325192602931455
2024-10-11,Oil,0.02511349624801246
2024-10-14,Oil,0.024804669253118836
2024-10-15,Oil,0.024827799205719876
2024-10-16,Oil,0.02463773254309225
2024-10-17,Oil,0.024642248904423767
2024-10-18,Oil,0.024614997510927737
2024-10-21,Oil,0.0247056458143746
2024-10-22,Oil,0.023505048006505044
2024-10-23,Oil,0.023500865862542786
2024-10-24,Oil,0.023168679031601174
2024-10-25,Oil,0.023479670571094565
2024-10-28,Oil,0.0258430531090306
2024-10-29,Oil,0.02565085042498617
2024-10-30,Oil,0.025969504627621
2024-10-31,Oil,0.025880223215698217
2024-11-01,Oil,0.02589183925859323
2024-11-04,Oil,0.026121137894902127
2024-11-05,Oil,0.02597568084190223
2024-11-06,Oil,0.025503583795708724
2024-11-07,Oil,0.02488880978798798
2024-11-08,Oil,0.02545627400655189
2024-11-11,Oil,0.02623010420478827
2024-11-12,Oil,0.02583476766825508
2024-11-13,Oil,0.025839058451926994
2024-11-14,Oil,0.02392857352029165
2024-11-15,Oil,0.024171920488711588
2024-11-18,Oil,0.02389128419785243
2024-11-19,Oil,0.022493688251321406
2024-11-20,Oil,0.022513228593010432
2024-11-21,Oil,0.0217136401700628
2024-11-22,Oil,0.021976109064300198
2024-11-25,Oil,0.022351688545252064
2024-11-26,Oil,0.020900733681177886
2024-11-27,Oil,0.02089719791036217
2024-11-29,Oil,0.02095490384231444
2024-12-02,Oil,0.02063322176206797
2024-12-03,Oil,0.020930612646682417
2024-12-04,Oil,0.02081984734370476
2024-12-05,Oil,0.020580980130588167
2024-12-06,Oil,0.020726809669818255
2024-12-09,Oil,0.020539695397858014
2024-12-10,Oil,0.017151583469776913
2024-12-11,Oil,0.017688887483646113
2024-12-12,Oil,0.017336231749834573
2024-12-13,Oil,0.017556066484052082
2024-12-16,Oil,0.01763082339480758
2024-12-17,Oil,0.016907532693638063
2024-12-18,Oil,0.016905311026545636
2024-12-19,Oil,0.016972749177360826
2024-12-20,Oil,0.01689511292343369
2024-12-23,Oil,0.01616607464943783
2024-12-24,Oil,0.015081837879748025
2024-12-26,Oil,0.01515150370129933
2024-12-27,Oil,0.015330762622235
2024-12-30,Oil,0.015343375284349235
2024-12-31,Oil,0.01463439517121466
2025-01-02,Oil,0.01393426795882777
2025-01-03,Oil,0.014038086929801357
2025-01-06,Oil,0.013993400050018702
2025-01-07,Oil,0.013751680536850669
2025-01-08,Oil,0.013727261636258276
2025-01-09,Oil,0.012247007103431696
2025-01-10,Oil,0.013640663992518304
2025-01-13,Oil,0.014392575966993363
2025-01-14,Oil,0.014663245430317598
2025-01-15,Oil,0.015530473564556316
2025-01-16,Oil,0.015507770286427396
2025-01-17,Oil,0.015079052717426628
2025-01-21,Oil,0.015986421976039042
2025-01-22,Oil,0.015657559797808418
2025-01-23,Oil,0.015672417912737716
2025-01-24,Oil,0.01567900339796972
2025-01-27,Oil,0.01565822290281416
2025-01-28,Oil,0.01567204670469343
2025-01-29,Oil,0.01567368029954618
2025-01-30,Oil,0.015584130806858477
2025-01-31,Oil,0.015488590271589641
2025-02-03,Oil,0.015511449987127168
2025-02-04,Oil,0.01544535510660212
2025-02-05,Oil,0.016019694990273992
2025-02-06,Oil,0.01605136020407203
2025-02-07,Oil,0.01592775753512506
2025-02-10,Oil,0.016195416267613883
2025-02-11,Oil,0.016188757802343478
2025-02-12,Oil,0.01694995202168747
2025-02-13,Oil,0.016846279865363765
2025-02-14,Oil,0.016478470397395393
2025-02-18,Oil,0.01660900230460027
2025-02-19,Oil,0.016625584867955026
2025-02-20,Oil,0.016548875135725418
2025-02-21,Oil,0.017268030244607598
2025-02-24,Oil,0.017209209269844778
2025-02-25,Oil,0.016234589635587528
2025-02-26,Oil,0.015009652743450442
2025-02-27,Oil,0.01576492927182689
2025-02-28,Oil,0.014253719097122631
2025-03-03,Oil,0.014352297010362367
2025-03-04,Oil,0.014322239907672146
2025-03-05,Oil,0.014486265098259671
2025-03-06,Oil,0.01451307868143453
2025-03-07,Oil,0.014687640419667114
2025-03-10,Oil,0.014816934150491318
2025-03-11,Oil,0.01455878873293357
2025-03-12,Oil,0.01511477301673593
2025-03-13,Oil,0.015148502149674515
2025-03-14,Oil,0.015295347876388874
2025-03-17,Oil,0.015373364354310075
2025-03-18,Oil,0.015294812539975056
2025-03-19,Oil,0.015329030964705294
2025-03-20,Oil,0.015202148446905676
2025-03-21,Oil,0.015178190679906755
2025-03-24,Oil,0.015324178499284816
2025-03-25,Oil,0.014880800610283015
2025-03-26,Oil,0.014745843643467128
2025-03-27,Oil,0.013995431420662594
2025-03-28,Oil,0.014060812267572123
2025-03-31,Oil,0.015111096309262332
2025-04-01,Oil,0.014851295718277114
2025-04-02,Oil,0.014875487610103754
2025-04-03,Oil,0.019133160930473916
2025-04-04,Oil,0.022685599785561894
2025-04-07,Oil,0.022833003430295984
2025-04-08,Oil,0.022662923677134336
2025-04-09,Oil,0.024507250767083603
2025-04-10,Oil,0.024659430907170325
2025-04-11,Oil,0.025199329785749663
2025-04-14,Oil,0.025026095648500026
2025-04-15,Oil,0.025024295287805257
2025-04-16,Oil,0.024859838424463883
2025-04-17,Oil,0.02576401506290483
2025-04-22,Oil,0.025698611329404326
2025-04-23,Oil,0.026186910211859718
2025-04-24,Oil,0.02623558625234708
2025-04-25,Oil,0.025894882797446565
2025-04-28,Oil,0.025870519913636286
2025-04-29,Oil,0.026145543490581007
2025-04-30,Oil,0.026777947383997084
2025-05-01,Oil,0.027061095657630298
2025-05-02,Oil,0.027113296278507865
2025-05-05,Oil,0.026965583613939956
2025-05-06,Oil,0.027918369421780925
2025-05-07,Oil,0.02783242637084718
2025-05-08,Oil,0.028641031523584423
2025-05-09,Oil,0.028839012336878217
2025-05-12,Oil,0.029020004950971606
2025-05-13,Oil,0.029563043095538158
2025-05-14,Oil,0.02891137708895821
2025-05-15,Oil,0.02915315248789045
2025-05-16,Oil,0.029275599939640493
2025-05-19,Oil,0.026830257183160178
2025-05-20,Oil,0.023106612634806463
2025-05-21,Oil,0.022965108698374766
2025-05-22,Oil,0.022717800627070912
2025-05-23,Oil,0.021068121491127592
2025-05-27,Oil,0.020027677322406488
2025-05-28,Oil,0.019754697003735597
2025-05-29,Oil,0.019941658559066138
2025-05-30,Oil,0.019937920102413003
2025-06-02,Oil,0.02033449816326452
2025-06-03,Oil,0.01942007956222755
2025-06-04,Oil,0.019457305355790565
2025-06-05,Oil,0.018601520988345534
2025-06-06,Oil,0.018854574118213507
2025-06-09,Oil,0.018936148748153234
2025-06-10,Oil,0.01870994345875477
2025-06-11,Oil,0.01982461627867826
2025-06-12,Oil,0.01831432261190464
2025-06-13,Oil,0.021967440969825246
2025-06-16,Oil,0.021987484967860557
2025-06-17,Oil,0.022300319532898887
2025-06-18,Oil,0.021808281076600274
2025-06-20,Oil,0.02138006025690344
2025-06-23,Oil,0.027029800492943897
2025-06-24,Oil,0.029391590245712078
2025-06-25,Oil,0.029314500741490324
2025-06-26,Oil,0.028915708198159903
2025-06-27,Oil,0.028865656033230772
2025-06-30,Oil,0.028494496478295744
2025-07-01,Oil,0.028412727662308915
2025-07-02,Oil,0.02888964404515425
2025-07-03,Oil,0.028928836665459902
2025-07-04,Oil,0.028784143106809698
2025-07-07,Oil,0.028925946901339834
2025-07-08,Oil,0.028926975863791695
2025-07-09,Oil,0.02880822131951185
2025-07-10,Oil,0.029258594010377077
2025-07-11,Oil,0.029422165554047374
2025-07-14,Oil,0.029775615766412713
2025-07-15,Oil,0.029458363177800307
2025-07-16,Oil,0.029384737669947855
2025-07-17,Oil,0.029444407160745638
2025-07-18,Oil,0.029444170660773657
2025-07-21,Oil,0.02928480524437949
2025-07-22,Oil,0.029381141692935896
2025-07-23,Oil,0.029499340445144705
2025-07-24,Oil,0.028159244007871523
2025-07-25,Oil,0.028251645574942565
2025-07-28,Oil,0.025092218569240213
2025-07-29,Oil,0.025984463469237773
2025-07-30,Oil,0.024770259539598456
2025-07-31,Oil,0.024792925160729208
2025-08-01,Oil,0.025225216291950136
2025-08-04,Oil,0.020035886530254496
2025-08-05,Oil,0.016913644045665404
2025-08-06,Oil,0.017004830916807885
2025-08-07,Oil,0.017025372334819683
2025-08-08,Oil,0.01700118931127503
2025-08-11,Oil,0.016971886486726567
2025-08-12,Oil,0.01707215522526423
2025-08-13,Oil,0.016033759563894343
2025-08-14,Oil,0.016558640706314173
2025-08-15,Oil,0.016805895483311042
2025-08-18,Oil,0.016379198304464184
2025-08-19,Oil,0.016520138848166034
2025-08-20,Oil,0.01678952894906667
2025-08-21,Oil,0.016210965552956022
2025-08-22,Oil,0.015234959011125163
2025-08-25,Oil,0.015222772853223824
2025-08-26,Oil,0.015758695044523263
2025-08-27,Oil,0.016019216896666775
2025-08-28,Oil,0.01571381007957871
2025-08-29,Oil,0.015775729056726685
2025-09-02,Oil,0.016486574246295793
2025-09-03,Oil,0.016875400459449994
2025-09-04,Oil,0.01673246465859962
2025-09-05,Oil,0.017135268170214643
2025-09-08,Oil,0.017067099244453234
2025-09-09,Oil,0.01646002681771461
2025-09-10,Oil,0.015122009663681601
2025-09-11,Oil,0.015216417341360528
2025-09-12,Oil,0.015242918530401717
2025-09-15,Oil,0.014680533969199014
2025-09-16,Oil,0.014946085401878471
2025-09-17,Oil,0.014684008535356001
2025-09-18,Oil,0.01457256019638704
2025-09-19,Oil,0.01473387904411507
2025-09-22,Oil,0.014733552911994833
2025-09-23,Oil,0.014916809969002714
2025-09-24,Oil,0.015411880337580043
2025-09-25,Oil,0.015314160994222111
2025-09-26,Oil,0.014989635237391365
2025-09-29,Oil,0.015978870393488456
2025-09-30,Oil,0.01618607973695982
2025-10-01,Oil,0.01598172463583757
2025-10-02,Oil,0.016195406022332114
2025-10-03,Oil,0.016221132689766642
2025-10-06,Oil,0.016428780960434083
2025-10-07,Oil,0.01604456873729701
2025-10-08,Oil,0.01568500773172126
2025-10-09,Oil,0.01571435106806387
2025-10-10,Oil,0.017324960054778463
2025-10-13,Oil,0.017440863407785712
2025-10-14,Oil,0.016781036806471337
2025-10-15,Oil,0.016319650157618815
2025-10-16,Oil,0.016420876698537347
2025-10-17,Oil,0.015892883467203918
2025-10-20,Oil,0.015815036195231252
2025-10-21,Oil,0.01580217736858156
2025-10-22,Oil,0.015623534594757458
2025-10-23,Oil,0.018609212213952047
2025-10-24,Oil,0.01859961548059195
2025-10-27,Oil,0.018504151723323748
2025-10-28,Oil,0.018381861222185488
2025-10-29,Oil,0.01840725232286607
2025-10-30,Oil,0.018383580560039917
2025-10-31,Oil,0.01828536507998686
2025-11-03,Oil,0.018288666470227904
2025-11-04,Oil,0.018166917313654187
2025-11-05,Oil,0.017649992217236142
2025-11-06,Oil,0.01764327533226919
2025-11-07,Oil,0.017510085985735942
2025-11-10,Oil,0.016536614421814724
2025-11-11,Oil,0.01654860983333137
2025-11-12,Oil,0.0181229908521908
2025-11-13,Oil,0.01776786295652365
2025-11-14,Oil,0.018288721883482958
2025-11-17,Oil,0.01811268561161738
2025-11-18,Oil,0.018308939193504608
2025-11-19,Oil,0.01851063149055302
2025-11-20,Oil,0.01830463106409105
2025-11-21,Oil,0.01690309303477615
2025-11-24,Oil,0.01698661701431023
2025-11-25,Oil,0.017038796547008555
2025-11-26,Oil,0.017130554055757682
2025-11-28,Oil,0.016923982607338257
2025-12-01,Oil,0.017074531755692818
2025-12-02,Oil,0.017228202221484662
2025-12-03,Oil,0.017228836208083135
2025-12-04,Oil,0.017238981491397087
2025-12-05,Oil,0.01377239977484115
2025-12-08,Oil,0.014195759132589723
2025-12-09,Oil,0.014295526632488382
2025-12-10,Oil,0.013941925872504481
2025-12-11,Oil,0.01411178258793458
2025-12-12,Oil,0.01410183226385104
2025-12-15,Oil,0.014103959063233086
2025-12-16,Oil,0.014804919798968969
2025-12-17,Oil,0.015033823675780584
2025-12-18,Oil,0.014859942364416609
2025-12-19,Oil,0.014992136295209374
2025-12-22,Oil,0.015647097665735746
2025-12-23,Oil,0.015647391128822193
2025-12-24,Oil,0.015353745137381818
2025-12-26,Oil,0.014245518840006117
2025-12-29,Oil,0.014918704764227454
2025-12-30,Oil,0.014209290320665228
2025-12-31,Oil,0.014281614879610724
2026-01-02,Oil,0.013991299826012518
2026-01-05,Oil,0.01391537049343099
2026-01-06,Oil,0.014362204871597431
2026-01-07,Oil,0.014435288162659035
2026-01-08,Oil,0.015415077928600522
2026-01-09,Oil,0.015763050133494418
2026-01-12,Oil,0.015656845895982714
2026-01-13,Oil,0.016411702283541024
2026-01-14,Oil,0.01643902012311534
2026-01-15,Oil,0.018438340329593527
2026-01-16,Oil,0.018429798431648405
2026-01-20,Oil,0.018501896494152684
2026-01-21,Oil,0.018480037276276454
2026-01-22,Oil,0.018511563472784646
2026-01-23,Oil,0.019088244098730046
2026-01-26,Oil,0.019154012506532602
2026-01-27,Oil,0.019546552786560846
2026-01-28,Oil,0.01960448464334618
2026-01-29,Oil,0.02023338816888377
2026-01-30,Oil,0.019371959341682954
2026-02-02,Oil,0.021585114584679054
2026-02-03,Oil,0.021725034218002908
2026-02-04,Oil,0.022238689921347827
2026-02-05,Oil,0.022744492100636195
2026-02-06,Oil,0.022737188993472213
2026-02-09,Oil,0.022793650634669295
2026-02-10,Oil,0.02211123564934994
2026-02-11,Oil,0.02184263937431354
2026-02-12,Oil,0.022567813843786196
2026-02-13,Oil,0.022456765320685235
2026-02-17,Oil,0.0225499148483605
2026-02-18,Oil,0.023742441542158384
2026-02-19,Oil,0.02343461016082866
2026-02-20,Oil,0.022977169011900358
2026-02-23,Oil,0.022489370330653548
2026-02-24,Oil,0.022367189769465442
2026-02-25,Oil,0.022396210892126626
2026-02-26,Oil,0.021945479190920353
2026-02-27,Oil,0.022332948599564455
2026-03-02,Oil,0.022985860442144245
2026-03-03,Oil,0.024127138374715505
2026-03-04,Oil,0.024115120245103195
2026-03-05,Oil,0.027959949659578005
2026-03-06,Oil,0.03402943227775048
2026-03-09,Oil,0.03431583375928324
2026-03-10,Oil,0.04209222877055986
2026-03-11,Oil,0.042434938315014915
2026-03-12,Oil,0.04519039136777586
2026-03-13,Oil,0.045137132572669346
2026-03-16,Oil,0.0466989689741166
2026-03-17,Oil,0.045362834420688385
2026-03-18,Oil,0.045438783368785964
2026-03-19,Oil,0.0454452101811089
2026-03-20,Oil,0.044751340285325604
2026-03-23,Oil,0.04976178546041465
2026-03-24,Oil,0.050187649736192365
2026-03-25,Oil,0.05048113221810026
2026-03-26,Oil,0.05084112960631274
2026-03-27,Oil,0.05073445653574454
2026-03-30,Oil,0.050721254148916345
2026-03-31,Oil,0.05083474387943826
2026-04-01,Oil,0.05083110635961203
2026-04-02,Oil,0.05391570293103223
2026-04-06,Oil,0.053833026736033636
2026-04-07,Oil,0.053765962322776764
2026-04-08,Oil,0.0631978568105668
2026-04-09,Oil,0.06323865787633993
2026-04-10,Oil,0.06336809538227246
2026-04-13,Oil,0.06335683101381868
2026-04-14,Oil,0.0649327475462014
2026-04-15,Oil,0.06458983181269586
2026-04-16,Oil,0.06477835877840882
2026-04-17,Oil,0.06701574985903226
2026-04-20,Oil,0.0644134320641095
2026-04-21,Oil,0.0641500048103426
2026-04-22,Oil,0.05997559450592471
2026-04-23,Oil,0.05969965356753019
2026-04-24,Oil,0.05718289845488861
2026-04-27,Oil,0.05702809663413264
2026-04-28,Oil,0.056468841391355024
2026-04-29,Oil,0.05756683172955022
2026-04-30,Oil,0.0577050597560522
2026-05-01,Oil,0.05803691150970873
2026-05-04,Oil,0.058406112937838664
2026-05-05,Oil,0.055399177083612146
2026-05-06,Oil,0.05654642577788163
2026-05-07,Oil,0.056367473318918136
2026-05-08,Oil,0.05579021687751237
2026-05-11,Oil,0.055126835616265656
2026-05-12,Oil,0.05533825742713428
2026-05-13,Oil,0.055309425348368385
2026-05-14,Oil,0.05524760059060842
2026-05-15,Oil,0.051651789401026584
2026-05-18,Oil,0.05194802150149223
2026-05-19,Oil,0.05196288195217491
2026-05-20,Oil,0.04509924263611853
2026-05-21,Oil,0.044789544848205055
2026-05-22,Oil,0.04471513461252225
2026-05-26,Oil,0.04476233407437795
2026-05-27,Oil,0.04355224068031745
2026-05-28,Oil,0.04355464386259761
2026-05-29,Oil,0.04308487515618254
2026-06-01,Oil,0.038679685279676634
2026-06-02,Oil,0.03680366870515955
2026-06-03,Oil,0.03671318229931647
2026-06-04,Oil,0.03717603987051475
2026-06-05,Oil,0.037048313029786714
2026-06-08,Oil,0.03699287510046436
2026-06-09,Oil,0.037256876134934495
2026-06-10,Oil,0.03678348307973477
2026-06-11,Oil,0.034354088483407194
2026-06-12,Oil,0.03463539468027175
2026-06-15,Oil,0.035238908606509106
2026-06-16,Oil,0.035068272808679565
2026-06-17,Oil,0.034832164763540625
2026-06-18,Oil,0.032854902146962815
2026-06-22,Oil,0.032984169662905266
2026-06-23,Oil,0.03297679657675557
2026-06-24,Oil,0.03271937305273673
2026-06-25,Oil,0.03182585522493114
2026-06-26,Oil,0.032185170696641494
2026-06-29,Oil,0.03269410881704835
2026-06-30,Oil,0.031114392798348038
2026-07-01,Oil,0.029982850576202605
2026-07-02,Oil,0.030110157087464725
2026-07-06,Oil,0.02676480794264
2026-07-06,Oil,0.02680246883607065
2026-07-06,Oil,0.026761575657675504
2026-07-06,Oil,0.02663446906522345
2026-07-06,Oil,
2026-07-06,Oil,
2026-07-06,Oil,
2026-07-06,Oil,
2026-07-06,Oil,
2026-07-06,Oil,
2026-07-06,Oil,
2026-07-06,Oil,
2026-07-06,Oil,
2026-07-06,Oil,
2026-07-06,Oil,
2026-07-06,Oil,
2024-07-08,Bitcoin,
2024-07-09,Bitcoin,
2024-07-10,Bitcoin,
2024-07-11,Bitcoin,
2024-07-12,Bitcoin,
2024-07-15,Bitcoin,
2024-07-16,Bitcoin,
2024-07-17,Bitcoin,
2024-07-18,Bitcoin,
2024-07-19,Bitcoin,
2024-07-22,Bitcoin,
2024-07-23,Bitcoin,
2024-07-24,Bitcoin,
2024-07-25,Bitcoin,
2024-07-26,Bitcoin,
2024-07-29,Bitcoin,
2024-07-30,Bitcoin,
2024-07-31,Bitcoin,
2024-08-01,Bitcoin,
2024-08-02,Bitcoin,
2024-08-05,Bitcoin,
2024-08-06,Bitcoin,
2024-08-07,Bitcoin,
2024-08-08,Bitcoin,
2024-08-09,Bitcoin,
2024-08-12,Bitcoin,
2024-08-13,Bitcoin,
2024-08-14,Bitcoin,
2024-08-15,Bitcoin,
2024-08-16,Bitcoin,
2024-08-19,Bitcoin,0.04474015398945358
2024-08-20,Bitcoin,0.04461014778188793
2024-08-21,Bitcoin,0.045048337486375885
2024-08-22,Bitcoin,0.045107523221053415
2024-08-23,Bitcoin,0.046358400791896064
2024-08-26,Bitcoin,0.04101004708334528
2024-08-27,Bitcoin,0.042144848948257096
2024-08-28,Bitcoin,0.04209020623481721
2024-08-29,Bitcoin,0.042115432908927275
2024-08-30,Bitcoin,0.04127342947925856
2024-09-03,Bitcoin,0.041406681271917364
2024-09-04,Bitcoin,0.041306511913440834
2024-09-05,Bitcoin,0.04161014901636143
2024-09-06,Bitcoin,0.04204681345819672
2024-09-09,Bitcoin,0.04303853139335917
2024-09-10,Bitcoin,0.04308066117556671
2024-09-11,Bitcoin,0.04307008243211206
2024-09-12,Bitcoin,0.043014161499925395
2024-09-13,Bitcoin,0.043716865019180325
2024-09-16,Bitcoin,0.042903398976569175
2024-09-17,Bitcoin,0.03693055773064536
2024-09-18,Bitcoin,0.036550480375375706
2024-09-19,Bitcoin,0.03644093014793175
2024-09-20,Bitcoin,0.02907734637978938
2024-09-23,Bitcoin,0.0289455399485854
2024-09-24,Bitcoin,0.02859455382683092
2024-09-25,Bitcoin,0.02863475018839388
2024-09-26,Bitcoin,0.028472888506145957
2024-09-27,Bitcoin,0.0281254578366353
2024-09-30,Bitcoin,0.02892757587100967
2024-10-01,Bitcoin,0.029891182586683617
2024-10-02,Bitcoin,0.029853176939781012
2024-10-03,Bitcoin,0.029100960536930186
2024-10-04,Bitcoin,0.02924469049055882
2024-10-07,Bitcoin,0.026955207482453065
2024-10-08,Bitcoin,0.02673426762756483
2024-10-09,Bitcoin,0.025217138185774948
2024-10-10,Bitcoin,0.02518707640140412
2024-10-11,Bitcoin,0.02597544916635479
2024-10-14,Bitcoin,0.02785078410123036
2024-10-15,Bitcoin,0.02721990435686847
2024-10-16,Bitcoin,0.02721602775889161
2024-10-17,Bitcoin,0.0263788135545326
2024-10-18,Bitcoin,0.024952813690883917
2024-10-21,Bitcoin,0.02354107087739764
2024-10-22,Bitcoin,0.023544114953284432
2024-10-23,Bitcoin,0.02372846698035758
2024-10-24,Bitcoin,0.023986572443164465
2024-10-25,Bitcoin,0.023485808815120288
2024-10-28,Bitcoin,0.023477590594919148
2024-10-29,Bitcoin,0.023657970323820374
2024-10-30,Bitcoin,0.023560398985525702
2024-10-31,Bitcoin,0.024212990995328657
2024-11-01,Bitcoin,0.024354638034756883
2024-11-04,Bitcoin,0.0248672567745955
2024-11-05,Bitcoin,0.025036602945222787
2024-11-06,Bitcoin,0.029386438097388973
2024-11-07,Bitcoin,0.02898113147122054
2024-11-08,Bitcoin,0.028977410012155314
2024-11-11,Bitcoin,0.039280852004708454
2024-11-12,Bitcoin,0.03827920312104015
2024-11-13,Bitcoin,0.03826960862094994
2024-11-14,Bitcoin,0.03933569107063966
2024-11-15,Bitcoin,0.03971185442700097
2024-11-18,Bitcoin,0.03982169637067525
2024-11-19,Bitcoin,0.03973654821764217
2024-11-20,Bitcoin,0.039065880773294835
2024-11-21,Bitcoin,0.039202389628461815
2024-11-22,Bitcoin,0.03909822072042587
2024-11-25,Bitcoin,0.040635755790348095
2024-11-26,Bitcoin,0.040871260140388874
2024-11-27,Bitcoin,0.04127735728052086
2024-11-29,Bitcoin,0.04117371860122766
2024-12-02,Bitcoin,0.04152189179740235
2024-12-03,Bitcoin,0.041251280347586926
2024-12-04,Bitcoin,0.041280708191385046
2024-12-05,Bitcoin,0.04149587898440991
2024-12-06,Bitcoin,0.04161288037775534
2024-12-09,Bitcoin,0.04169349946290326
2024-12-10,Bitcoin,0.04131541487253528
2024-12-11,Bitcoin,0.04148103964137434
2024-12-12,Bitcoin,0.0415793544185049
2024-12-13,Bitcoin,0.04085134945601666
2024-12-16,Bitcoin,0.04100411516034656
2024-12-17,Bitcoin,0.04043282712834205
2024-12-18,Bitcoin,0.04255321088644607
2024-12-19,Bitcoin,0.04049789988652832
2024-12-20,Bitcoin,0.04050205084922377
2024-12-23,Bitcoin,0.04117638197791943
2024-12-24,Bitcoin,0.030577666748376975
2024-12-26,Bitcoin,0.031099782588900008
2024-12-27,Bitcoin,0.030896639944639762
2024-12-30,Bitcoin,0.030231003701536925
2024-12-31,Bitcoin,0.029239714902725793
2025-01-02,Bitcoin,0.029920050018104688
2025-01-03,Bitcoin,0.029804868855221274
2025-01-06,Bitcoin,0.03041565410025942
2025-01-07,Bitcoin,0.03091357105088894
2025-01-08,Bitcoin,0.031095591686126838
2025-01-09,Bitcoin,0.029503136201277497
2025-01-10,Bitcoin,0.029720622495442987
2025-01-13,Bitcoin,0.028652914017902584
2025-01-14,Bitcoin,0.028780074671099595
2025-01-15,Bitcoin,0.029550825379905468
2025-01-16,Bitcoin,0.029601024026323555
2025-01-17,Bitcoin,0.03036045186953449
2025-01-21,Bitcoin,0.030103783616019553
2025-01-22,Bitcoin,0.029913559047534
2025-01-23,Bitcoin,0.029490198475668205
2025-01-24,Bitcoin,0.029441313697751114
2025-01-27,Bitcoin,0.02872515276959782
2025-01-28,Bitcoin,0.02867963520637832
2025-01-29,Bitcoin,0.028876661127705452
2025-01-30,Bitcoin,0.02772415326329778
2025-01-31,Bitcoin,0.028017451494696723
2025-02-03,Bitcoin,0.025970481160605824
2025-02-04,Bitcoin,0.026350012408496385
2025-02-05,Bitcoin,0.026456968286439307
2025-02-06,Bitcoin,0.02578700592214314
2025-02-07,Bitcoin,0.024587818884137295
2025-02-10,Bitcoin,0.02403521599107556
2025-02-11,Bitcoin,0.024043578844156303
2025-02-12,Bitcoin,0.02413236339791003
2025-02-13,Bitcoin,0.024253190770697045
2025-02-14,Bitcoin,0.023359997432625984
2025-02-18,Bitcoin,0.023539879501169068
2025-02-19,Bitcoin,0.022360264234016172
2025-02-20,Bitcoin,0.02061024571329489
2025-02-21,Bitcoin,0.020720668965844284
2025-02-24,Bitcoin,0.022076320645576356
2025-02-25,Bitcoin,0.022212594820446255
2025-02-26,Bitcoin,0.02384788131006869
2025-02-27,Bitcoin,0.02343390371056799
2025-02-28,Bitcoin,0.02182499512639223
2025-03-03,Bitcoin,0.022316371795143643
2025-03-04,Bitcoin,0.020380707862101645
2025-03-05,Bitcoin,0.02161902615037193
2025-03-06,Bitcoin,0.02134265614022097
2025-03-07,Bitcoin,0.022037181702424392
2025-03-10,Bitcoin,0.027185115862768883
2025-03-11,Bitcoin,0.029401581703903917
2025-03-12,Bitcoin,0.029561684041816385
2025-03-13,Bitcoin,0.029389639754446206
2025-03-14,Bitcoin,0.030291629969764026
2025-03-17,Bitcoin,0.030184493402183897
2025-03-18,Bitcoin,0.03023360305586223
2025-03-19,Bitcoin,0.03141784719393753
2025-03-20,Bitcoin,0.03177533970587071
2025-03-21,Bitcoin,0.031770938988914185
2025-03-24,Bitcoin,0.03282648785294864
2025-03-25,Bitcoin,0.03275029140587673
2025-03-26,Bitcoin,0.03264700455721676
2025-03-27,Bitcoin,0.03232617885993662
2025-03-28,Bitcoin,0.032718532085284045
2025-03-31,Bitcoin,0.03277043479811555
2025-04-01,Bitcoin,0.03330801139810361
2025-04-02,Bitcoin,0.0335749083533674
2025-04-03,Bitcoin,0.03339397205210589
2025-04-04,Bitcoin,0.033321136000661694
2025-04-07,Bitcoin,0.033616726294067534
2025-04-08,Bitcoin,0.033855965510737336
2025-04-09,Bitcoin,0.03630352047897581
2025-04-10,Bitcoin,0.036868050258067324
2025-04-11,Bitcoin,0.03792498693497037
2025-04-14,Bitcoin,0.03782766450883953
2025-04-15,Bitcoin,0.03778755224279279
2025-04-16,Bitcoin,0.037055112788447024
2025-04-17,Bitcoin,0.037104617173661196
2025-04-22,Bitcoin,0.04089642467524563
2025-04-23,Bitcoin,0.036480733996127994
2025-04-24,Bitcoin,0.03530912153963976
2025-04-25,Bitcoin,0.03529967601468395
2025-04-28,Bitcoin,0.03462762022975453
2025-04-29,Bitcoin,0.03423444697786778
2025-04-30,Bitcoin,0.03424321659689882
2025-05-01,Bitcoin,0.03420373360920757
2025-05-02,Bitcoin,0.033164699557717316
2025-05-05,Bitcoin,0.03288593503785334
2025-05-06,Bitcoin,0.03301326074943552
2025-05-07,Bitcoin,0.032311578917806894
2025-05-08,Bitcoin,0.034102567871738765
2025-05-09,Bitcoin,0.034060188160476026
2025-05-12,Bitcoin,0.0340855473074909
2025-05-13,Bitcoin,0.03331963328361518
2025-05-14,Bitcoin,0.03297567874220485
2025-05-15,Bitcoin,0.03268607660981616
2025-05-16,Bitcoin,0.031924330448973165
2025-05-19,Bitcoin,0.03200387022173626
2025-05-20,Bitcoin,0.03200766342765215
2025-05-21,Bitcoin,0.02982071163079955
2025-05-22,Bitcoin,0.02838193583563251
2025-05-23,Bitcoin,0.026774839605845126
2025-05-27,Bitcoin,0.025420836415942425
2025-05-28,Bitcoin,0.024745732899282516
2025-05-29,Bitcoin,0.025280416138046626
2025-05-30,Bitcoin,0.025426821258988656
2025-06-02,Bitcoin,0.02549059835310718
2025-06-03,Bitcoin,0.025584314085951274
2025-06-04,Bitcoin,0.018689697458805245
2025-06-05,Bitcoin,0.01970106472379099
2025-06-06,Bitcoin,0.020215349721679345
2025-06-09,Bitcoin,0.022395024092933383
2025-06-10,Bitcoin,0.022414239279660818
2025-06-11,Bitcoin,0.022583156453672544
2025-06-12,Bitcoin,0.02323647488227408
2025-06-13,Bitcoin,0.022927642484988246
2025-06-16,Bitcoin,0.02293475354500602
2025-06-17,Bitcoin,0.022868974510415852
2025-06-18,Bitcoin,0.022611196679447523
2025-06-20,Bitcoin,0.02284704866423767
2025-06-23,Bitcoin,0.02005403890112339
2025-06-24,Bitcoin,0.020052197491721855
2025-06-25,Bitcoin,0.020148559303702778
2025-06-26,Bitcoin,0.02005056191699863
2025-06-27,Bitcoin,0.02000534760515808
2025-06-30,Bitcoin,0.020005562216880286
2025-07-01,Bitcoin,0.020175117192019414
2025-07-02,Bitcoin,0.020561101351707155
2025-07-03,Bitcoin,0.020507136780570496
2025-07-04,Bitcoin,0.02009782580142954
2025-07-07,Bitcoin,0.01980150059006325
2025-07-08,Bitcoin,0.018450241999708607
2025-07-09,Bitcoin,0.018648663598694184
2025-07-10,Bitcoin,0.019942449411949583
2025-07-11,Bitcoin,0.01955879916762084
2025-07-14,Bitcoin,0.01942210514010051
2025-07-15,Bitcoin,0.019667154410235616
2025-07-16,Bitcoin,0.019623907134802155
2025-07-17,Bitcoin,0.019517665584814277
2025-07-18,Bitcoin,0.018632297921102894
2025-07-21,Bitcoin,0.01821695855818219
2025-07-22,Bitcoin,0.01569480005294529
2025-07-23,Bitcoin,0.015871856505561166
2025-07-24,Bitcoin,0.015594128316506735
2025-07-25,Bitcoin,0.014763192985522427
2025-07-28,Bitcoin,0.01475967344785606
2025-07-29,Bitcoin,0.014762913312103512
2025-07-30,Bitcoin,0.014081239197605176
2025-07-31,Bitcoin,0.014626310129543536
2025-08-01,Bitcoin,0.014927805401152398
2025-08-04,Bitcoin,0.01469152741032983
2025-08-05,Bitcoin,0.014825951218656635
2025-08-06,Bitcoin,0.014743685080990027
2025-08-07,Bitcoin,0.015095312886042333
2025-08-08,Bitcoin,0.015204726804517527
2025-08-11,Bitcoin,0.0154241897095883
2025-08-12,Bitcoin,0.015158650708608066
2025-08-13,Bitcoin,0.014966907650177937
2025-08-14,Bitcoin,0.01702844813873827
2025-08-15,Bitcoin,0.016837454234874268
2025-08-18,Bitcoin,0.016995871651862803
2025-08-19,Bitcoin,0.017948694853556893
2025-08-20,Bitcoin,0.017667077176796213
2025-08-21,Bitcoin,0.016155479113684888
2025-08-22,Bitcoin,0.017607337898658003
2025-08-25,Bitcoin,0.02010830264037225
2025-08-26,Bitcoin,0.02016686438713309
2025-08-27,Bitcoin,0.02009268402522483
2025-08-28,Bitcoin,0.020218295166472174
2025-08-29,Bitcoin,0.021152015963595876
2025-09-02,Bitcoin,0.021768411953471622
2025-09-03,Bitcoin,0.021356288786965327
2025-09-04,Bitcoin,0.02133942316595779
2025-09-05,Bitcoin,0.021339879820615335
2025-09-08,Bitcoin,0.021493976384060413
2025-09-09,Bitcoin,0.021490202252556222
2025-09-10,Bitcoin,0.021909621011681844
2025-09-11,Bitcoin,0.022069647182209252
2025-09-12,Bitcoin,0.021849078347092456
2025-09-15,Bitcoin,0.021507273875624497
2025-09-16,Bitcoin,0.021437432707606913
2025-09-17,Bitcoin,0.021386662270925057
2025-09-18,Bitcoin,0.021367411139342672
2025-09-19,Bitcoin,0.021132237754136564
2025-09-22,Bitcoin,0.021597186628239205
2025-09-23,Bitcoin,0.02133428966937475
2025-09-24,Bitcoin,0.021325264109291826
2025-09-25,Bitcoin,0.021622590992466044
2025-09-26,Bitcoin,0.020552895649470323
2025-09-29,Bitcoin,0.022096496353566857
2025-09-30,Bitcoin,0.022034509996348317
2025-10-01,Bitcoin,0.022536763323556943
2025-10-02,Bitcoin,0.022622593012757725
2025-10-03,Bitcoin,0.02243782121320225
2025-10-06,Bitcoin,0.021614483335238282
2025-10-07,Bitcoin,0.019235533254986233
2025-10-08,Bitcoin,0.019244840891541125
2025-10-09,Bitcoin,0.019428684963994063
2025-10-10,Bitcoin,0.02346794321079385
2025-10-13,Bitcoin,0.02259126810374882
2025-10-14,Bitcoin,0.02245714660489583
2025-10-15,Bitcoin,0.02278049776169882
2025-10-16,Bitcoin,0.023127318161546645
2025-10-17,Bitcoin,0.02329706743346734
2025-10-20,Bitcoin,0.02428546879448369
2025-10-21,Bitcoin,0.024518773797063364
2025-10-22,Bitcoin,0.02417562483096573
2025-10-23,Bitcoin,0.0244085135494225
2025-10-24,Bitcoin,0.024450413004408336
2025-10-27,Bitcoin,0.02499633851115808
2025-10-28,Bitcoin,0.024952853945306105
2025-10-29,Bitcoin,0.025360899702189892
2025-10-30,Bitcoin,0.025453272805256364
2025-10-31,Bitcoin,0.025501400259337618
2025-11-03,Bitcoin,0.025570218441572205
2025-11-04,Bitcoin,0.026848671024033034
2025-11-05,Bitcoin,0.027126490340235485
2025-11-06,Bitcoin,0.026649058544058045
2025-11-07,Bitcoin,0.026928792744461222
2025-11-10,Bitcoin,0.02611781909250443
2025-11-11,Bitcoin,0.02654902933548418
2025-11-12,Bitcoin,0.025303602659751737
2025-11-13,Bitcoin,0.025087590736246182
2025-11-14,Bitcoin,0.02623381669621722
2025-11-17,Bitcoin,0.02582139990756787
2025-11-18,Bitcoin,0.025847925889304565
2025-11-19,Bitcoin,0.02546812494052846
2025-11-20,Bitcoin,0.02666159702016404
2025-11-21,Bitcoin,0.024288708213030665
2025-11-24,Bitcoin,0.02526778712755278
2025-11-25,Bitcoin,0.025198874591432958
2025-11-26,Bitcoin,0.026357035166731397
2025-11-28,Bitcoin,0.026225525809624475
2025-12-01,Bitcoin,0.02743813318622783
2025-12-02,Bitcoin,0.02875180757006777
2025-12-03,Bitcoin,0.02914074950439937
2025-12-04,Bitcoin,0.029197896967890224
2025-12-05,Bitcoin,0.029090283549193546
2025-12-08,Bitcoin,0.029200889646134695
2025-12-09,Bitcoin,0.029007754761492137
2025-12-10,Bitcoin,0.028999800733745407
2025-12-11,Bitcoin,0.02884114518528482
2025-12-12,Bitcoin,0.028985633953888257
2025-12-15,Bitcoin,0.029560641501708475
2025-12-16,Bitcoin,0.02962358205821289
2025-12-17,Bitcoin,0.02874384665331508
2025-12-18,Bitcoin,0.028264559290980318
2025-12-19,Bitcoin,0.02881460887221962
2025-12-22,Bitcoin,0.02848755192480809
2025-12-23,Bitcoin,0.027936230124733164
2025-12-24,Bitcoin,0.027651963809154377
2025-12-26,Bitcoin,0.027612055215954414
2025-12-29,Bitcoin,0.02747649973058972
2025-12-30,Bitcoin,0.026058889930702645
2025-12-31,Bitcoin,0.025764780193217793
2026-01-02,Bitcoin,0.026247652960686464
2026-01-05,Bitcoin,0.027300044319105557
2026-01-06,Bitcoin,0.02533191551588518
2026-01-07,Bitcoin,0.025599846067463614
2026-01-08,Bitcoin,0.024760591884699774
2026-01-09,Bitcoin,0.02469612144902417
2026-01-12,Bitcoin,0.023837582720208323
2026-01-13,Bitcoin,0.02519626179604011
2026-01-14,Bitcoin,0.02329151240826722
2026-01-15,Bitcoin,0.02114364835518638
2026-01-16,Bitcoin,0.020727889129359422
2026-01-20,Bitcoin,0.024866120926908968
2026-01-21,Bitcoin,0.02436680378680409
2026-01-22,Bitcoin,0.024229430351573645
2026-01-23,Bitcoin,0.02384567020006399
2026-01-26,Bitcoin,0.0239361933057196
2026-01-27,Bitcoin,0.023986394763614534
2026-01-28,Bitcoin,0.02358170291587556
2026-01-29,Bitcoin,0.024203868174385305
2026-01-30,Bitcoin,0.024003724311878492
2026-02-02,Bitcoin,0.026485151897963806
2026-02-03,Bitcoin,0.02728559829311024
2026-02-04,Bitcoin,0.027039658031112333
2026-02-05,Bitcoin,0.03654406423200012
2026-02-06,Bitcoin,0.044173931724844455
2026-02-09,Bitcoin,0.044145325611911417
2026-02-10,Bitcoin,0.04419982934046304
2026-02-11,Bitcoin,0.044326366539691686
2026-02-12,Bitcoin,0.04412391349749043
2026-02-13,Bitcoin,0.04499813518917091
2026-02-17,Bitcoin,0.04456626115402712
2026-02-18,Bitcoin,0.04346792763129713
2026-02-19,Bitcoin,0.043571626515562366
2026-02-20,Bitcoin,0.04371699996912655
2026-02-23,Bitcoin,0.04433365795610588
2026-02-24,Bitcoin,0.044326500665839
2026-02-25,Bitcoin,0.04609148500170788
2026-02-26,Bitcoin,0.04495303595218866
2026-02-27,Bitcoin,0.044708324143653284
2026-03-02,Bitcoin,0.04584621632227224
2026-03-03,Bitcoin,0.045814063345038195
2026-03-04,Bitcoin,0.046059957523897826
2026-03-05,Bitcoin,0.04608164761353775
2026-03-06,Bitcoin,0.046410705463949
2026-03-09,Bitcoin,0.04643653881334928
2026-03-10,Bitcoin,0.0467439972395599
2026-03-11,Bitcoin,0.04668937406041512
2026-03-12,Bitcoin,0.046711314027653564
2026-03-13,Bitcoin,0.045980001879198186
2026-03-16,Bitcoin,0.047251453913102516
2026-03-17,Bitcoin,0.04583518904411056
2026-03-18,Bitcoin,0.0457633296857844
2026-03-19,Bitcoin,0.045452569626313624
2026-03-20,Bitcoin,0.03686176659427575
2026-03-23,Bitcoin,0.02898445888444744
2026-03-24,Bitcoin,0.02898014349133517
2026-03-25,Bitcoin,0.028802471987411853
2026-03-26,Bitcoin,0.029151900639826173
2026-03-27,Bitcoin,0.029843086159508665
2026-03-30,Bitcoin,0.028926369282299934
2026-03-31,Bitcoin,0.02900850075083445
2026-04-01,Bitcoin,0.028846032883579707
2026-04-02,Bitcoin,0.029013971519529398
2026-04-06,Bitcoin,0.0293724892812429
2026-04-07,Bitcoin,0.028817729454015308
2026-04-08,Bitcoin,0.02886801015754467
2026-04-09,Bitcoin,0.026842060500786524
2026-04-10,Bitcoin,0.026908990126056385
2026-04-13,Bitcoin,0.02662351862514158
2026-04-14,Bitcoin,0.025590764479157167
2026-04-15,Bitcoin,0.025540879478785042
2026-04-16,Bitcoin,0.022772328437719327
2026-04-17,Bitcoin,0.022619474084343866
2026-04-20,Bitcoin,0.021570452354062845
2026-04-21,Bitcoin,0.021575343200964114
2026-04-22,Bitcoin,0.021635391386105325
2026-04-23,Bitcoin,0.021642880365145188
2026-04-24,Bitcoin,0.021798488922347696
2026-04-27,Bitcoin,0.021804051602135322
2026-04-28,Bitcoin,0.0196692459091274
2026-04-29,Bitcoin,0.019572695621296717
2026-04-30,Bitcoin,0.018286418195097624
2026-05-01,Bitcoin,0.01826673786949318
2026-05-04,Bitcoin,0.018517373831249566
2026-05-05,Bitcoin,0.01859702989248734
2026-05-06,Bitcoin,0.0184988454414857
2026-05-07,Bitcoin,0.01889933277387052
2026-05-08,Bitcoin,0.017387810999213063
2026-05-11,Bitcoin,0.015742387822574352
2026-05-12,Bitcoin,0.01626437346389669
2026-05-13,Bitcoin,0.016398805533124436
2026-05-14,Bitcoin,0.01663052822489161
2026-05-15,Bitcoin,0.017016548959971595
2026-05-18,Bitcoin,0.017400489543354988
2026-05-19,Bitcoin,0.015620944508916507
2026-05-20,Bitcoin,0.015452188860898528
2026-05-21,Bitcoin,0.015412340440275228
2026-05-22,Bitcoin,0.016054348102721556
2026-05-26,Bitcoin,0.01564768546631294
2026-05-27,Bitcoin,0.016059901427362817
2026-05-28,Bitcoin,0.01610575357146166
2026-05-29,Bitcoin,0.01607979337769165
2026-06-01,Bitcoin,0.015994920813253925
2026-06-02,Bitcoin,0.019498158795975214
2026-06-03,Bitcoin,0.02047350716890218
2026-06-04,Bitcoin,0.01968956453515209
2026-06-05,Bitcoin,0.02084719685743504
2026-06-08,Bitcoin,0.02231163643939953
2026-06-09,Bitcoin,0.022482880756923375
2026-06-10,Bitcoin,0.022467374371683262
2026-06-11,Bitcoin,0.02369931454502695
2026-06-12,Bitcoin,0.02360381475708632
2026-06-15,Bitcoin,0.02465379500017053
2026-06-16,Bitcoin,0.024161759384926443
2026-06-17,Bitcoin,0.023950277269507766
2026-06-18,Bitcoin,0.023990047332039407
2026-06-22,Bitcoin,0.02435141580035022
2026-06-23,Bitcoin,0.024395955588936414
2026-06-24,Bitcoin,0.024074250128773116
2026-06-25,Bitcoin,0.02414260214096213
2026-06-26,Bitcoin,0.024263908943365567
2026-06-29,Bitcoin,0.023634246252490266
2026-06-30,Bitcoin,0.023674753109402723
2026-07-01,Bitcoin,0.0242524351789485
2026-07-02,Bitcoin,0.024962612791907535
2026-07-06,Bitcoin,0.02607123866214157
2026-07-06,Bitcoin,0.02606194903848048
2026-07-06,Bitcoin,
2026-07-06,Bitcoin,
2026-07-06,Bitcoin,
2026-07-06,Bitcoin,
2026-07-06,Bitcoin,
2026-07-06,Bitcoin,
2026-07-06,Bitcoin,
2026-07-06,Bitcoin,
2026-07-06,Bitcoin,
2026-07-06,Bitcoin,
2026-07-06,Bitcoin,
2026-07-06,Bitcoin,
2026-07-06,Bitcoin,
2026-07-06,Bitcoin,
2024-07-08,EURUSD,
2024-07-09,EURUSD,
2024-07-10,EURUSD,
2024-07-11,EURUSD,
2024-07-12,EURUSD,
2024-07-15,EURUSD,
2024-07-16,EURUSD,
2024-07-17,EURUSD,
2024-07-18,EURUSD,
2024-07-19,EURUSD,
2024-07-22,EURUSD,
2024-07-23,EURUSD,
2024-07-24,EURUSD,
2024-07-25,EURUSD,
2024-07-26,EURUSD,
2024-07-29,EURUSD,
2024-07-30,EURUSD,
2024-07-31,EURUSD,
2024-08-01,EURUSD,
2024-08-02,EURUSD,
2024-08-05,EURUSD,
2024-08-06,EURUSD,
2024-08-07,EURUSD,
2024-08-08,EURUSD,
2024-08-09,EURUSD,
2024-08-12,EURUSD,
2024-08-13,EURUSD,
2024-08-14,EURUSD,
2024-08-15,EURUSD,
2024-08-16,EURUSD,
2024-08-19,EURUSD,0.003201056435583545
2024-08-20,EURUSD,0.003326495365881088
2024-08-21,EURUSD,0.003340197690903278
2024-08-22,EURUSD,0.0033488898725982236
2024-08-23,EURUSD,0.0034034156245175353
2024-08-26,EURUSD,0.0035545305717149954
2024-08-27,EURUSD,0.0035943491463011766
2024-08-28,EURUSD,0.0035924126352132736
2024-08-29,EURUSD,0.003696536797348276
2024-08-30,EURUSD,0.0037153631492251745
2024-09-03,EURUSD,0.003726241363176126
2024-09-04,EURUSD,0.003739662272051271
2024-09-05,EURUSD,0.0036818713390542905
2024-09-06,EURUSD,0.003685425302248973
2024-09-09,EURUSD,0.0037249007426998896
2024-09-10,EURUSD,0.0038438524281352135
2024-09-11,EURUSD,0.0038000520458984894
2024-09-12,EURUSD,0.00380672395606416
2024-09-13,EURUSD,0.003936112707072607
2024-09-16,EURUSD,0.0038578312695837606
2024-09-17,EURUSD,0.003358582174146947
2024-09-18,EURUSD,0.003316601843158266
2024-09-19,EURUSD,0.0032840513019796033
2024-09-20,EURUSD,0.0033501923796626165
2024-09-23,EURUSD,0.0033358227315956335
2024-09-24,EURUSD,0.003462826400958514
2024-09-25,EURUSD,0.003656009959789185
2024-09-26,EURUSD,0.003707612792892843
2024-09-27,EURUSD,0.003765686577785842
2024-09-30,EURUSD,0.0036898535190087577
2024-10-01,EURUSD,0.0036591080424082556
2024-10-02,EURUSD,0.003728731078274678
2024-10-03,EURUSD,0.0036655498467905306
2024-10-04,EURUSD,0.0036332432290767146
2024-10-07,EURUSD,0.0037141130216547
2024-10-08,EURUSD,0.0034885327300155644
2024-10-09,EURUSD,0.0034794732379029246
2024-10-10,EURUSD,0.0034898325770532307
2024-10-11,EURUSD,0.003405911669434721
2024-10-14,EURUSD,0.003344312855362142
2024-10-15,EURUSD,0.003347062522340294
2024-10-16,EURUSD,0.003356604255436096
2024-10-17,EURUSD,0.003305861376051744
2024-10-18,EURUSD,0.003268104171512123
2024-10-21,EURUSD,0.0033570014960828004
2024-10-22,EURUSD,0.0033647122986065025
2024-10-23,EURUSD,0.003368941063158492
2024-10-24,EURUSD,0.0033724988628317017
2024-10-25,EURUSD,0.0032497112764252652
2024-10-28,EURUSD,0.0032486667439444628
2024-10-29,EURUSD,0.0031757311193642466
2024-10-30,EURUSD,0.0031840349198394937
2024-10-31,EURUSD,0.003287319366400437
2024-11-01,EURUSD,0.003209597600245615
2024-11-04,EURUSD,0.0032068821439330594
2024-11-05,EURUSD,0.0031390043906922567
2024-11-06,EURUSD,0.0030119963549738137
2024-11-07,EURUSD,0.004345750918253954
2024-11-08,EURUSD,0.004424940583729465
2024-11-11,EURUSD,0.004569690396087782
2024-11-12,EURUSD,0.004601616026671755
2024-11-13,EURUSD,0.004537938875697138
2024-11-14,EURUSD,0.004585058105942538
2024-11-15,EURUSD,0.004595523728353253
2024-11-18,EURUSD,0.0045450368284284705
2024-11-19,EURUSD,0.0047238290015897445
2024-11-20,EURUSD,0.004739072193746113
2024-11-21,EURUSD,0.004804620524193809
2024-11-22,EURUSD,0.004929666043921541
2024-11-25,EURUSD,0.004948569476196358
2024-11-26,EURUSD,0.004962295609089269
2024-11-27,EURUSD,0.005075250991070382
2024-11-29,EURUSD,0.0052807493284049095
2024-12-02,EURUSD,0.005267928827826552
2024-12-03,EURUSD,0.005230795297011949
2024-12-04,EURUSD,0.005199753709906441
2024-12-05,EURUSD,0.0052014677668796175
2024-12-06,EURUSD,0.005383942229905347
2024-12-09,EURUSD,0.005316203512714569
2024-12-10,EURUSD,0.005306030773510747
2024-12-11,EURUSD,0.005288206474567477
2024-12-12,EURUSD,0.005290826671730146
2024-12-13,EURUSD,0.00523396064450103
2024-12-16,EURUSD,0.00525989433629637
2024-12-17,EURUSD,0.005270759175800354
2024-12-18,EURUSD,0.005270052974841365
2024-12-19,EURUSD,0.005593182966284922
2024-12-20,EURUSD,0.004656677630259603
2024-12-23,EURUSD,0.0046991160588982
2024-12-24,EURUSD,0.0045560971412860396
2024-12-26,EURUSD,0.004500952852902277
2024-12-27,EURUSD,0.004481127445206186
2024-12-30,EURUSD,0.0044092780473387145
2024-12-31,EURUSD,0.00439116068177019
2025-01-02,EURUSD,0.004475856992994184
2025-01-03,EURUSD,0.004511598809887552
2025-01-06,EURUSD,0.004574039614822162
2025-01-07,EURUSD,0.004751905596431928
2025-01-08,EURUSD,0.004624388100794953
2025-01-09,EURUSD,0.004640264308905659
2025-01-10,EURUSD,0.004613914031547309
2025-01-13,EURUSD,0.004593270558075032
2025-01-14,EURUSD,0.004397564283225536
2025-01-15,EURUSD,0.0044878675142076266
2025-01-16,EURUSD,0.004442396244391537
2025-01-17,EURUSD,0.004439435813791487
2025-01-21,EURUSD,0.004964959223449693
2025-01-22,EURUSD,0.004784142033681804
2025-01-23,EURUSD,0.004780364219272544
2025-01-24,EURUSD,0.004783157754781931
2025-01-27,EURUSD,0.004870682986110078
2025-01-28,EURUSD,0.004865746122247597
2025-01-29,EURUSD,0.004841278118426721
2025-01-30,EURUSD,0.004794164979285291
2025-01-31,EURUSD,0.004810628604193769
2025-02-03,EURUSD,0.005443207322538804
2025-02-04,EURUSD,0.0050764124942087145
2025-02-05,EURUSD,0.00513515413958614
2025-02-06,EURUSD,0.0050125021630709615
2025-02-07,EURUSD,0.004996855181027788
2025-02-10,EURUSD,0.005161312694841297
2025-02-11,EURUSD,0.005140178775219638
2025-02-12,EURUSD,0.005275033066818322
2025-02-13,EURUSD,0.0052846098487599
2025-02-14,EURUSD,0.005329349046167843
2025-02-18,EURUSD,0.005093434899184843
2025-02-19,EURUSD,0.005119910310331617
2025-02-20,EURUSD,0.004953049250003736
2025-02-21,EURUSD,0.0050751935361461435
2025-02-24,EURUSD,0.005063541891440161
2025-02-25,EURUSD,0.00505847370808053
2025-02-26,EURUSD,0.005035084089283559
2025-02-27,EURUSD,0.005089505303796153
2025-02-28,EURUSD,0.005342969363687144
2025-03-03,EURUSD,0.005342834321932082
2025-03-04,EURUSD,0.005470833927663847
2025-03-05,EURUSD,0.005619797739906478
2025-03-06,EURUSD,0.006244208947685141
2025-03-07,EURUSD,0.006252032833672276
2025-03-10,EURUSD,0.0063310874470711735
2025-03-11,EURUSD,0.006323505913752078
2025-03-12,EURUSD,0.006374559173477848
2025-03-13,EURUSD,0.0063940145652062064
2025-03-14,EURUSD,0.006433458009364339
2025-03-17,EURUSD,0.006389672999678659
2025-03-18,EURUSD,0.005644262812728872
2025-03-19,EURUSD,0.0055430928554513195
2025-03-20,EURUSD,0.005580923587080878
2025-03-21,EURUSD,0.005711474916032813
2025-03-24,EURUSD,0.00572044016871924
2025-03-25,EURUSD,0.005553480800650193
2025-03-26,EURUSD,0.0055623240446899085
2025-03-27,EURUSD,0.005588414389615377
2025-03-28,EURUSD,0.0056377981705792056
2025-03-31,EURUSD,0.00554771140185444
2025-04-01,EURUSD,0.005551185555541692
2025-04-02,EURUSD,0.005516727905105555
2025-04-03,EURUSD,0.005724032880229579
2025-04-04,EURUSD,0.005958990058315499
2025-04-07,EURUSD,0.006051819496864837
2025-04-08,EURUSD,0.0062016385454539595
2025-04-09,EURUSD,0.0062007201850081675
2025-04-10,EURUSD,0.00618173279417366
2025-04-11,EURUSD,0.007554601309378651
2025-04-14,EURUSD,0.007604649965283287
2025-04-15,EURUSD,0.0075883415964929386
2025-04-16,EURUSD,0.007397172264177569
2025-04-17,EURUSD,0.007065390636837136
2025-04-22,EURUSD,0.0072092386895498215
2025-04-23,EURUSD,0.007735942637755058
2025-04-24,EURUSD,0.00773839377718562
2025-04-25,EURUSD,0.007685823870688041
2025-04-28,EURUSD,0.007685315148246176
2025-04-29,EURUSD,0.007683764521688312
2025-04-30,EURUSD,0.007707845001388028
2025-05-01,EURUSD,0.0078086276960262655
2025-05-02,EURUSD,0.007837453493993209
2025-05-05,EURUSD,0.007810335234262128
2025-05-06,EURUSD,0.007730446481195953
2025-05-07,EURUSD,0.00770731207601784
2025-05-08,EURUSD,0.007712535041535868
2025-05-09,EURUSD,0.00786102376131604
2025-05-12,EURUSD,0.007792870036110686
2025-05-13,EURUSD,0.008128421525594091
2025-05-14,EURUSD,0.008231577177982025
2025-05-15,EURUSD,0.008230675880702443
2025-05-16,EURUSD,0.00820792632119632
2025-05-19,EURUSD,0.008025684064559009
2025-05-20,EURUSD,0.0077540849926161495
2025-05-21,EURUSD,0.007707603049479517
2025-05-22,EURUSD,0.007600828416248547
2025-05-23,EURUSD,0.0076148089267130785
2025-05-27,EURUSD,0.007739291385968933
2025-05-28,EURUSD,0.005957352326626008
2025-05-29,EURUSD,0.006028935295860741
2025-05-30,EURUSD,0.0064918158313855235
2025-06-02,EURUSD,0.0064572755975542545
2025-06-03,EURUSD,0.006438354551627019
2025-06-04,EURUSD,0.006247952551107029
2025-06-05,EURUSD,0.005718698422815878
2025-06-06,EURUSD,0.005719690313565551
2025-06-09,EURUSD,0.005733762689455718
2025-06-10,EURUSD,0.005718953628985374
2025-06-11,EURUSD,0.0056235901419405725
2025-06-12,EURUSD,0.005723068842744126
2025-06-13,EURUSD,0.005766418478105178
2025-06-16,EURUSD,0.005795663918642452
2025-06-17,EURUSD,0.005791895280423846
2025-06-18,EURUSD,0.005911747001122906
2025-06-20,EURUSD,0.005912082727325895
2025-06-23,EURUSD,0.005877818503833277
2025-06-24,EURUSD,0.005858714247509471
2025-06-25,EURUSD,0.0058575085517456275
2025-06-26,EURUSD,0.005376907848426201
2025-06-27,EURUSD,0.005242477988920504
2025-06-30,EURUSD,0.005238045633183573
2025-07-01,EURUSD,0.0052747849649566305
2025-07-02,EURUSD,0.005258623776727247
2025-07-03,EURUSD,0.0052558046420872395
2025-07-04,EURUSD,0.005271349070639783
2025-07-07,EURUSD,0.0052524633668966595
2025-07-08,EURUSD,0.005231275411793096
2025-07-09,EURUSD,0.005015623497978967
2025-07-10,EURUSD,0.004908362211787685
2025-07-11,EURUSD,0.004565267597935628
2025-07-14,EURUSD,0.004045970819889413
2025-07-15,EURUSD,0.004026535897495596
2025-07-16,EURUSD,0.0038812242207389215
2025-07-17,EURUSD,0.0036976408690857178
2025-07-18,EURUSD,0.003691580164716704
2025-07-21,EURUSD,0.0036708459277961522
2025-07-22,EURUSD,0.0036760849265170367
2025-07-23,EURUSD,0.0037128086729380306
2025-07-24,EURUSD,0.0037322541634792383
2025-07-25,EURUSD,0.003620127814160073
2025-07-28,EURUSD,0.003356908143134673
2025-07-29,EURUSD,0.004167724595528106
2025-07-30,EURUSD,0.0042327884676765975
2025-07-31,EURUSD,0.0045272165421321115
2025-08-01,EURUSD,0.004497118830837621
2025-08-04,EURUSD,0.005214979323773477
2025-08-05,EURUSD,0.004975347435553765
2025-08-06,EURUSD,0.004970875139734668
2025-08-07,EURUSD,0.005022141695395367
2025-08-08,EURUSD,0.005025040981664622
2025-08-11,EURUSD,0.005009942528492628
2025-08-12,EURUSD,0.004924122869777553
2025-08-13,EURUSD,0.005013925680768012
2025-08-14,EURUSD,0.005052578484095114
2025-08-15,EURUSD,0.005120653235516488
2025-08-18,EURUSD,0.005200627914441425
2025-08-19,EURUSD,0.005189858586556016
2025-08-20,EURUSD,0.005201053073324067
2025-08-21,EURUSD,0.005202412302831093
2025-08-22,EURUSD,0.005218136666044183
2025-08-25,EURUSD,0.0054366743801619955
2025-08-26,EURUSD,0.005619375741646357
2025-08-27,EURUSD,0.005551039081288833
2025-08-28,EURUSD,0.005534974959789578
2025-08-29,EURUSD,0.005547778646255096
2025-09-02,EURUSD,0.005566918120960398
2025-09-03,EURUSD,0.0056215278509970604
2025-09-04,EURUSD,0.0055883964358325764
2025-09-05,EURUSD,0.00555562279613664
2025-09-08,EURUSD,0.00562846919267225
2025-09-09,EURUSD,0.005698767721097952
2025-09-10,EURUSD,0.005203898064953691
2025-09-11,EURUSD,0.005141652323177622
2025-09-12,EURUSD,0.004717254169846192
2025-09-15,EURUSD,0.004719556923009872
2025-09-16,EURUSD,0.004017556545956748
2025-09-17,EURUSD,0.004312186914545612
2025-09-18,EURUSD,0.004389119262695016
2025-09-19,EURUSD,0.004259090364853163
2025-09-22,EURUSD,0.004350816084087502
2025-09-23,EURUSD,0.004424912722716711
2025-09-24,EURUSD,0.004390331205136725
2025-09-25,EURUSD,0.0044599835273639275
2025-09-26,EURUSD,0.0046117269342346645
2025-09-29,EURUSD,0.004563717672385383
2025-09-30,EURUSD,0.004495772523198384
2025-10-01,EURUSD,0.004451209354987902
2025-10-02,EURUSD,0.0044285192006751125
2025-10-03,EURUSD,0.004431296137559387
2025-10-06,EURUSD,0.004388213174454749
2025-10-07,EURUSD,0.004118642427783009
2025-10-08,EURUSD,0.003954832034006901
2025-10-09,EURUSD,0.003958679892245949
2025-10-10,EURUSD,0.0040858345983964765
2025-10-13,EURUSD,0.004091921927945771
2025-10-14,EURUSD,0.004078925198153744
2025-10-15,EURUSD,0.003940939100801969
2025-10-16,EURUSD,0.003985386482719899
2025-10-17,EURUSD,0.004072518945170104
2025-10-20,EURUSD,0.004027854655142222
2025-10-21,EURUSD,0.003921485084863921
2025-10-22,EURUSD,0.003848977102175189
2025-10-23,EURUSD,0.003852704929001893
2025-10-24,EURUSD,0.0038186754953779553
2025-10-27,EURUSD,0.0038276601450668696
2025-10-28,EURUSD,0.0037916819439289106
2025-10-29,EURUSD,0.0033505927305342797
2025-10-30,EURUSD,0.003383230504866435
2025-10-31,EURUSD,0.003376020326413765
2025-11-03,EURUSD,0.0033482494322384353
2025-11-04,EURUSD,0.003146762583076326
2025-11-05,EURUSD,0.003147789289191178
2025-11-06,EURUSD,0.0030212603899445467
2025-11-07,EURUSD,0.0029287285850449355
2025-11-10,EURUSD,0.0028181493965122335
2025-11-11,EURUSD,0.0027973305916780848
2025-11-12,EURUSD,0.0028508684891244795
2025-11-13,EURUSD,0.0028544939661940844
2025-11-14,EURUSD,0.0029376904610834095
2025-11-17,EURUSD,0.002941750083126996
2025-11-18,EURUSD,0.0029611644140659487
2025-11-19,EURUSD,0.0028435159044489775
2025-11-20,EURUSD,0.002890011044992944
2025-11-21,EURUSD,0.002707180692961894
2025-11-24,EURUSD,0.0026676360686947232
2025-11-25,EURUSD,0.0026249176759721294
2025-11-26,EURUSD,0.002663463523006581
2025-11-28,EURUSD,0.0026280891626414902
2025-12-01,EURUSD,0.0024745809279062623
2025-12-02,EURUSD,0.0023969812596300977
2025-12-03,EURUSD,0.0024136117019977637
2025-12-04,EURUSD,0.002383785498254178
2025-12-05,EURUSD,0.00241663632599012
2025-12-08,EURUSD,0.0024133793246724276
2025-12-09,EURUSD,0.0024043239224081974
2025-12-10,EURUSD,0.0023913986065952873
2025-12-11,EURUSD,0.0026557884329286323
2025-12-12,EURUSD,0.0025542885323065635
2025-12-15,EURUSD,0.0024911538364047626
2025-12-16,EURUSD,0.0023588923258605343
2025-12-17,EURUSD,0.002352672743116798
2025-12-18,EURUSD,0.0022677907585525836
2025-12-19,EURUSD,0.0023010861050222265
2025-12-22,EURUSD,0.0022109789389878117
2025-12-23,EURUSD,0.0023492412681383325
2025-12-24,EURUSD,0.0023724976732213145
2025-12-26,EURUSD,0.0023596224876379635
2025-12-29,EURUSD,0.002378443060408536
2025-12-30,EURUSD,0.002315103004814161
2025-12-31,EURUSD,0.0023392931055672512
2026-01-02,EURUSD,0.0022909584886064054
2026-01-05,EURUSD,0.0024158873354412098
2026-01-06,EURUSD,0.002304765095374069
2026-01-07,EURUSD,0.0023533837195656594
2026-01-08,EURUSD,0.002310805540513391
2026-01-09,EURUSD,0.0023393854002153693
2026-01-12,EURUSD,0.002319938038785727
2026-01-13,EURUSD,0.0023526392234074433
2026-01-14,EURUSD,0.0023895639715433357
2026-01-15,EURUSD,0.002388624789617356
2026-01-16,EURUSD,0.002442389530639997
2026-01-20,EURUSD,0.002409903452417098
2026-01-21,EURUSD,0.0027583159667284598
2026-01-22,EURUSD,0.0029008699543768223
2026-01-23,EURUSD,0.0031623473675213855
2026-01-26,EURUSD,0.003508411130391773
2026-01-27,EURUSD,0.0033499853500094444
2026-01-28,EURUSD,0.0039170096230138835
2026-01-29,EURUSD,0.003985267147865853
2026-01-30,EURUSD,0.003994200476479
2026-02-02,EURUSD,0.0044164227739558375
2026-02-03,EURUSD,0.004491706273489782
2026-02-04,EURUSD,0.004487511680512776
2026-02-05,EURUSD,0.004484104377847042
2026-02-06,EURUSD,0.004413764583873937
2026-02-09,EURUSD,0.004452737045922475
2026-02-10,EURUSD,0.004604198917333354
2026-02-11,EURUSD,0.004605770526710506
2026-02-12,EURUSD,0.00461339260230652
2026-02-13,EURUSD,0.00459349159694964
2026-02-17,EURUSD,0.004606811529701312
2026-02-18,EURUSD,0.004538639736436254
2026-02-19,EURUSD,0.004656770084706742
2026-02-20,EURUSD,0.004646832501769147
2026-02-23,EURUSD,0.004740597771578933
2026-02-24,EURUSD,0.004780030157273362
2026-02-25,EURUSD,0.004753894133061307
2026-02-26,EURUSD,0.004746402420110508
2026-02-27,EURUSD,0.004730762497036066
2026-03-02,EURUSD,0.004791401360817847
2026-03-03,EURUSD,0.004859050583784293
2026-03-04,EURUSD,0.005026720063917382
2026-03-05,EURUSD,0.004831406647091539
2026-03-06,EURUSD,0.00477643852735511
2026-03-09,EURUSD,0.004749804049181589
2026-03-10,EURUSD,0.004704424554707001
2026-03-11,EURUSD,0.004686337002244781
2026-03-12,EURUSD,0.004123838010092998
2026-03-13,EURUSD,0.004108239226431367
2026-03-16,EURUSD,0.004261882617195267
2026-03-17,EURUSD,0.004160296115259727
2026-03-18,EURUSD,0.004190166679490214
2026-03-19,EURUSD,0.004296925601561198
2026-03-20,EURUSD,0.004731648605738995
2026-03-23,EURUSD,0.0047274029760306265
2026-03-24,EURUSD,0.004727216329804887
2026-03-25,EURUSD,0.004534101045996612
2026-03-26,EURUSD,0.004585750615310354
2026-03-27,EURUSD,0.004592375048143121
2026-03-30,EURUSD,0.004619616057790617
2026-03-31,EURUSD,0.004629542373046236
2026-04-01,EURUSD,0.0050489644466546815
2026-04-02,EURUSD,0.004989499976792937
2026-04-06,EURUSD,0.005121700355179078
2026-04-07,EURUSD,0.005025999277218725
2026-04-08,EURUSD,0.005562252717668146
2026-04-09,EURUSD,0.005569973645187539
2026-04-10,EURUSD,0.0055562078885546245
2026-04-13,EURUSD,0.005558079456356051
2026-04-14,EURUSD,0.005724256702861305
2026-04-15,EURUSD,0.00565163659207463
2026-04-16,EURUSD,0.00546778207870417
2026-04-17,EURUSD,0.005484302329694822
2026-04-20,EURUSD,0.005508632944845377
2026-04-21,EURUSD,0.005341626020200889
2026-04-22,EURUSD,0.005205063230874101
2026-04-23,EURUSD,0.005245120902901015
2026-04-24,EURUSD,0.00513353513426543
2026-04-27,EURUSD,0.005122110390437573
2026-04-28,EURUSD,0.004892270656235002
2026-04-29,EURUSD,0.0048124388351785665
2026-04-30,EURUSD,0.004821925233095206
2026-05-01,EURUSD,0.004676089367826375
2026-05-04,EURUSD,0.0043510484339364126
2026-05-05,EURUSD,0.00438141028647496
2026-05-06,EURUSD,0.0043382328825439355
2026-05-07,EURUSD,0.004359742910209788
2026-05-08,EURUSD,0.00427187518074914
2026-05-11,EURUSD,0.004265701428797831
2026-05-12,EURUSD,0.004183540761266867
2026-05-13,EURUSD,0.0042169853571940915
2026-05-14,EURUSD,0.0038650842884298884
2026-05-15,EURUSD,0.003966305682127138
2026-05-18,EURUSD,0.0038196856317922164
2026-05-19,EURUSD,0.0038396766935242287
2026-05-20,EURUSD,0.003149618985207904
2026-05-21,EURUSD,0.00314005388688187
2026-05-22,EURUSD,0.0030944369505890254
2026-05-26,EURUSD,0.0030993478811991593
2026-05-27,EURUSD,0.0026929712389334084
2026-05-28,EURUSD,0.0026423508532999727
2026-05-29,EURUSD,0.0027095793343860125
2026-06-01,EURUSD,0.0026882244907816518
2026-06-02,EURUSD,0.0026267211041495746
2026-06-03,EURUSD,0.00252053778543347
2026-06-04,EURUSD,0.0024619745161306404
2026-06-05,EURUSD,0.002403646916502113
2026-06-08,EURUSD,0.002753423232215959
2026-06-09,EURUSD,0.002722880316224801
2026-06-10,EURUSD,0.002706087759008456
2026-06-11,EURUSD,0.002708001646439397
2026-06-12,EURUSD,0.002767532555970271
2026-06-15,EURUSD,0.002705053895989534
2026-06-16,EURUSD,0.0027059185669631313
2026-06-17,EURUSD,0.002678453058910278
2026-06-18,EURUSD,0.003068351269558529
2026-06-22,EURUSD,0.003059691593492464
2026-06-23,EURUSD,0.0030870556783734663
2026-06-24,EURUSD,0.003045758575459698
2026-06-25,EURUSD,0.003026783675375431
2026-06-26,EURUSD,0.0030058802958119854
2026-06-29,EURUSD,0.0030588105621293356
2026-06-30,EURUSD,0.003068853954908822
2026-07-01,EURUSD,0.0030011267611784413
2026-07-02,EURUSD,0.0029324872785904325
2026-07-06,EURUSD,0.0031012287910927804
2026-07-06,EURUSD,
2026-07-06,EURUSD,
2026-07-06,EURUSD,
2026-07-06,EURUSD,
2026-07-06,EURUSD,
2026-07-06,EURUSD,
2026-07-06,EURUSD,
2026-07-06,EURUSD,
2026-07-06,EURUSD,
2026-07-06,EURUSD,
2026-07-06,EURUSD,
2026-07-06,EURUSD,
2026-07-06,EURUSD,
2026-07-06,EURUSD,
2026-07-06,EURUSD,
